,cody_id,clothes_maincategory,clothes_subcategorry,brand,color,season,gender,spring,summer,autumn,winter,img
0,0,아우터,숏패딩/숏헤비 아우터,LAFUDGE FOR WOMAN,,2021 F/W,여,,,,,https://image.msscdn.net/images/goods_img/20211001/2159697/2159697_2_500.jpg?t=20211017163335
1,0,상의,니트/스웨터,VOKEN,,2021 F/W,여,,,,,https://image.msscdn.net/images/goods_img/20211009/2171473/2171473_1_500.jpg?t=20211009163218
2,0,스커트,미니스커트,VOKEN,,2021 F/W,여,,,,,https://image.msscdn.net/images/goods_img/20211025/2196541/2196541_1_500.jpg?t=20211025173751
3,0,스포츠/용품,스포츠잡화,MLB GOLF,,2020 ALL,남,,,,,https://image.msscdn.net/images/goods_img/20200519/1452038/1452038_1_500.jpg?t=20200519102420
4,0,양말/레그웨어,양말,REXY,,2020 ALL,여,,,,,https://image.msscdn.net/images/goods_img/20200211/1300822/1300822_1_500.jpg?t=20220628151805
5,0,스니커즈,캔버스/단화,MIX MCCOY,,2021 ALL,남 여,,,,,https://image.msscdn.net/images/goods_img/20211005/2162077/2162077_1_500.jpg?t=20211005142240
6,1,아우터,숏패딩/숏헤비 아우터,NATIONALGEOGRAPHIC,,0,남,,,,,https://image.msscdn.net/images/goods_img/20210811/2057805/2057805_1_500.jpg?t=20220628163325
7,1,스포츠/용품,스포츠잡화,MLB GOLF,,2020 ALL,남,,,,,https://image.msscdn.net/images/goods_img/20200519/1452033/1452033_1_500.jpg?t=20200519102306
8,1,스니커즈,캔버스/단화,FIRENZE ATELIER,,2021 ALL,남,,,,,https://image.msscdn.net/images/goods_img/20210707/2021979/2021979_3_500.jpg?t=20220602094104
9,2,스포츠/용품,아우터,CASTELBAJAC,,2020 F/W,남,,,,,https://image.msscdn.net/images/goods_img/20201113/1689338/1689338_1_500.jpg?t=20201113144709
10,2,바지,코튼 팬츠,MUSINSA STANDARD,,0,남,,,,,https://image.msscdn.net/images/goods_img/20180305/728015/728015_4_500.jpg?t=20190725163845
11,2,스포츠/용품,스포츠가방,EIGHTPEACE,,2020 ALL,남,,,,,https://image.msscdn.net/images/goods_img/20200913/1599443/1599443_1_500.jpg?t=20200913185946
12,3,상의,민소매 티셔츠,MARDI MERCREDI ACTIF,,2022 S/S,여,,,,,https://image.msscdn.net/images/goods_img/20220304/2399205/2399205_1_500.jpg?t=20220308091057
13,3,바지,숏 팬츠,MARDI MERCREDI ACTIF,,2022 S/S,여,,,,,https://image.msscdn.net/images/goods_img/20220420/2504378/2504378_3_500.jpg?t=20220905145009
14,3,스포츠/용품,스포츠가방,CITE DE CITE,,2022 ALL,여,,,,,https://image.msscdn.net/images/goods_img/20220221/2374811/2374811_2_500.jpg?t=20220915125750
15,3,양말/레그웨어,양말,PLAYSAM,,2021 ALL,여,,,,,https://image.msscdn.net/images/goods_img/20211123/2245695/2245695__500.
16,3,스니커즈,패션스니커즈화,diadora,,2021 ALL,남 여,,,,,https://image.msscdn.net/images/goods_img/20220107/2297711/2297711_1_500.jpg?t=20220107150708
17,4,스포츠/용품,상의,DOYOUKNOWMC,,2022 S/S,여,,,,,https://image.msscdn.net/images/goods_img/20220324/2441735/2441735_4_500.jpg?t=20220422125417
18,4,스커트,미니스커트,CLOVE,,2022 S/S,여,,,,,https://image.msscdn.net/images/goods_img/20220222/2377814/2377814_2_500.jpg?t=20220224175838
19,4,모자,캡/야구 모자,BLUE JAINER CLUB,,2021 ALL,여,,,,,https://image.msscdn.net/images/goods_img/20210928/2151777/2151777_1_500.jpg?t=20210928214612
20,4,스포츠/용품,스포츠잡화,MLB GOLF,,2020 ALL,남,,,,,https://image.msscdn.net/images/goods_img/20200519/1452037/1452037_1_500.jpg?t=20200519102404
21,4,스포츠/용품,스포츠가방,CLOVE,,2022 ALL,여,,,,,https://image.msscdn.net/images/goods_img/20220222/2377975/2377975_2_500.jpg?t=20220224175743
22,4,여성 가방,토트백,BLUE JAINER CLUB,,2022 ALL,여,,,,,https://image.msscdn.net/images/goods_img/20220307/2403168/2403168_1_500.png?t=20220307180003
23,5,아우터,스타디움 재킷,COVERNAT,,2021 F/W,남,,,,,https://image.msscdn.net/images/goods_img/20211018/2184722/2184722_1_500.jpg?t=20220628164731
24,5,스포츠/용품,상의,GREENICH,,2021 F/W,여,,,,,https://image.msscdn.net/images/goods_img/20211124/2246219/2246219_2_500.jpg?t=20211125174439
25,5,스포츠/용품,스커트,GREENICH,,2021 F/W,여,,,,,https://image.msscdn.net/images/goods_img/20211124/2246671/2246671_1_500.jpg?t=20211125151929
26,5,스포츠/용품,스포츠잡화,ROSA.K,,2021 ALL,여,,,,,https://image.msscdn.net/images/goods_img/20211124/2245912/2245912_1_500.jpg?t=20211124104303
27,5,스포츠/용품,스포츠모자,MEASPHERA,,2021 ALL,여,,,,,https://image.msscdn.net/images/goods_img/20210225/1813959/1813959_1_500.png?t=20210225194457
28,5,양말/레그웨어,양말,REXY,,2020 ALL,여,,,,,https://image.msscdn.net/images/goods_img/20200211/1300822/1300822_1_500.jpg?t=20220628151805
29,5,스니커즈,패션스니커즈화,REEBOK,,2020 S/S,남 여,,,,,https://image.msscdn.net/images/goods_img/20200225/1322146/1322146_2_500.jpg?t=20200309110445
30,6,아우터,트레이닝 재킷,JAMIE WEST,,2021 F/W,남,,,,,https://image.msscdn.net/images/goods_img/20210916/2137304/2137304_1_500.jpg?t=20210916200339
31,6,스포츠/용품,상의,BLUDOT,,2021 F/W,남,,,,,https://image.msscdn.net/images/goods_img/20211122/2243508/2243508_1_500.jpg?t=20211122164143
32,6,스포츠/용품,하의,BLUDOT,,2021 F/W,남,,,,,https://image.msscdn.net/images/goods_img/20211118/2240545/2240545_1_500.jpg?t=20211118182745
33,6,스포츠/용품,스포츠잡화,ANTOMARS,,2021 ALL,남,,,,,https://image.msscdn.net/images/goods_img/20211120/2242421/2242421_1_500.jpg?t=20211120004434
34,6,스포츠/용품,스포츠가방,JAMIE WEST,,2021 ALL,남,,,,,https://image.msscdn.net/images/goods_img/20210324/1860961/1860961_1_500.jpg?t=20210324120014
35,6,스포츠/용품,스포츠신발,BALLOP,,2021 ALL,남 여,,,,,https://image.msscdn.net/images/goods_img/20211101/2209448/2209448_1_500.jpg?t=20211101165240
36,7,스포츠/용품,상의,ROSA.K,,2021 F/W,여,,,,,https://image.msscdn.net/images/goods_img/20211227/2283197/2283197_1_500.jpg?t=20211227102850
37,7,스포츠/용품,원피스,ROSA.K,,2021 F/W,여,,,,,https://image.msscdn.net/images/goods_img/20211124/2245865/2245865_1_500.jpg?t=20211124101507
38,7,스포츠/용품,스포츠잡화,MLB GOLF,,2020 ALL,남,,,,,https://image.msscdn.net/images/goods_img/20200519/1452029/1452029_1_500.jpg?t=20200519102223
39,7,스니커즈,패션스니커즈화,ADIDAS,,2022 S/S,남 여,,,,,https://image.msscdn.net/images/goods_img/20220117/2310145/2310145_1_500.jpg?t=20220118170444
40,8,아우터,플리스/뽀글이,BITTERCELLS,,2021 F/W,여,,,,,https://image.msscdn.net/images/goods_img/20211104/2218578/2218578_1_500.jpg?t=20211117225011
41,8,스포츠/용품,아우터,BLUDOT,,2021 F/W,여,,,,,https://image.msscdn.net/images/goods_img/20211206/2258458/2258458_4_500.jpg?t=20220321140237
42,8,스포츠/용품,상의,BLUDOT,,2021 F/W,여,,,,,https://image.msscdn.net/images/goods_img/20211117/2238346/2238346_1_500.jpg?t=20211122153632
43,8,스포츠/용품,하의,BLUDOT,,2021 F/W,여,,,,,https://image.msscdn.net/images/goods_img/20211118/2240569/2240569_1_500.jpg?t=20211118185329
44,8,스포츠/용품,스포츠잡화,ROSA.K,,2021 ALL,여,,,,,https://image.msscdn.net/images/goods_img/20211124/2245911/2245911_1_500.jpg?t=20211124104256
45,8,양말/레그웨어,양말,REXY,,2020 ALL,여,,,,,https://image.msscdn.net/images/goods_img/20200211/1300822/1300822_1_500.jpg?t=20220628151805
46,8,스포츠/용품,스포츠신발,ASICS GOLF,,2021 F/W,남 여,,,,,https://image.msscdn.net/images/goods_img/20210630/2013929/2013929_1_500.jpg?t=20210720182235
47,9,스포츠/용품,아우터,MARTINE GOLF,,2021 F/W,여,,,,,https://image.msscdn.net/images/goods_img/20211115/2232923/2232923_6_500.jpg?t=20211209172318
48,9,스포츠/용품,상의,CREVE9,,2021 F/W,여,,,,,https://image.msscdn.net/images/goods_img/20211202/2255655/2255655_1_500.jpg?t=20211202162735
49,9,스포츠/용품,스커트,LIKEWIZE,,2021 F/W,여,,,,,https://image.msscdn.net/images/goods_img/20211222/2278802/2278802_1_500.jpg?t=20211222155844
50,9,스포츠/용품,스포츠모자,CREVE9,,2021 ALL,라이프,,,,,https://image.msscdn.net/images/goods_img/20211020/2189959/2189959_1_500.jpg?t=20211020151604
51,9,스포츠/용품,스포츠잡화,ROSA.K,,2021 ALL,여,,,,,https://image.msscdn.net/images/goods_img/20211124/2245911/2245911_1_500.jpg?t=20211124104256
52,9,양말/레그웨어,양말,CREVE9,,2021 ALL,여,,,,,https://image.msscdn.net/images/goods_img/20211019/2186320/2186320_1_500.jpg?t=20211019141200
53,9,스포츠/용품,스포츠가방,CREVE9,,2021 ALL,여,,,,,https://image.msscdn.net/images/goods_img/20210707/2022353/2022353_1_500.jpg?t=20210707161312
54,9,스니커즈,패션스니커즈화,BAKE-SOLE,,2021 ALL,남 여,,,,,https://image.msscdn.net/images/goods_img/20211124/2246913/2246913_1_500.jpg?t=20211124174007
55,10,스포츠/용품,스포츠모자,SOCIAL GREEN CLUB,,2022 ALL,여,,,,,https://image.msscdn.net/images/goods_img/20220312/2414239/2414239_1_500.jpg?t=20220312035807
56,10,스포츠/용품,스포츠잡화,MEASPHERA,,2021 ALL,여,,,,,https://image.msscdn.net/images/goods_img/20210225/1815758/1815758_1_500.png?t=20210225193224
57,10,스포츠/용품,스포츠가방,PLAYSAM,,2022 ALL,여,,,,,https://image.msscdn.net/images/goods_img/20220424/2511053/2511053_1_500.jpg?t=20220628171632
58,10,스포츠/용품,스포츠가방,APE THE GREAT&SPORT,,2022 ALL,여,,,,,https://image.msscdn.net/images/goods_img/20220322/2436477/2436477_1_500.jpg?t=20220322133216
59,10,양말/레그웨어,양말,PLAYSAM,,2021 ALL,여,,,,,https://image.msscdn.net/images/goods_img/20211123/2245637/2245637_1_500.jpg?t=20220628165255
60,10,스포츠/용품,스포츠신발,LECOQ GOLF,,2022 ALL,여,,,,,https://image.msscdn.net/images/goods_img/20220210/2353135/2353135_17_500.png?t=20220623151011
61,11,스포츠/용품,아우터,LESONNET,,2022 F/W,여,,,,,https://image.msscdn.net/images/goods_img/20220208/2345142/2345142_1_500.jpg?t=20221015172222
62,11,스포츠/용품,상의,LIKEWIZE,,2021 F/W,여,,,,,https://image.msscdn.net/images/goods_img/20211217/2272106/2272106_1_500.jpg?t=20220628165514
63,11,스포츠/용품,하의,LIKEWIZE,,2021 F/W,여,,,,,https://image.msscdn.net/images/goods_img/20211221/2274729/2274729_1_500.jpg?t=20220628165533
64,11,스포츠/용품,스포츠잡화,MLB GOLF,,2020 ALL,남,,,,,https://image.msscdn.net/images/goods_img/20200519/1452029/1452029_1_500.jpg?t=20200519102223
65,11,여성 가방,웨이스트 백,FAIRLIAR,,2022 ALL,여,,,,,https://image.msscdn.net/images/goods_img/20220121/2320067/2320067_2_500.jpg?t=20220628170052
66,11,양말/레그웨어,양말,GLENMUIR,,2021 ALL,여,,,,,https://image.msscdn.net/images/goods_img/20210716/2031453/2031453_4_500.jpg?t=20220316172038
67,11,스니커즈,캔버스/단화,SCOMBER,,2022 ALL,남 여,,,,,https://image.msscdn.net/images/goods_img/20220213/2356646/2356646_1_500.jpg?t=20220213163956
68,12,스포츠/용품,원피스,RAINMAKER,,2022 S/S,여,,,,,https://image.msscdn.net/images/goods_img/20220308/2403996/2403996_1_500.jpg?t=20220308095529
69,12,주얼리,헤어 액세서리,MGMG STUDIO,,2022 ALL,여,,,,,https://image.msscdn.net/images/goods_img/20220326/2447160/2447160_1_500.jpg?t=20220327011549
70,12,양말/레그웨어,양말,REXY,,2020 ALL,여,,,,,https://image.msscdn.net/images/goods_img/20200211/1300796/1300796_1_500.jpg?t=20220628151805
71,12,스포츠/용품,스포츠가방,PONYTAIL TOUR GIRL,,2022 ALL,여,,,,,https://image.msscdn.net/images/goods_img/20220310/2409436/2409436_1_500.jpg?t=20220314154214
72,12,스니커즈,캔버스/단화,SHOOPEN,,2021 ALL,남 여,,,,,https://image.msscdn.net/images/goods_img/20211020/2188355/2188355_7_500.jpg?t=20211119125044
73,13,상의,피케/카라 티셔츠,MUSINSA STANDARD,,0,남,,,,,https://image.msscdn.net/images/goods_img/20200423/1419094/1419094_1_500.jpg?t=20200427161358
74,13,바지,코튼 팬츠,LOFI,,2020 F/W,남,,,,,https://image.msscdn.net/images/goods_img/20200812/1545983/1545983_1_500.jpg?t=20200813145946
75,14,아우터,카디건,W.ANGLE,,2022 S/S,여,,,,,https://image.msscdn.net/images/goods_img/20220222/2376957/2376957_1_500.jpg?t=20220222141358
76,14,스포츠/용품,스커트,W.ANGLE,,2022 S/S,여,,,,,https://image.msscdn.net/images/goods_img/20220225/2385814/2385814_1_500.jpg?t=20220225135606
77,14,주얼리,목걸이/펜던트,DMOMENT,,2022 ALL,여,,,,,https://image.msscdn.net/images/goods_img/20220223/2381236/2381236_1_500.jpg?t=20220223175036
78,14,스포츠/용품,스포츠잡화,MLB GOLF,,2020 ALL,남,,,,,https://image.msscdn.net/images/goods_img/20200519/1452029/1452029_1_500.jpg?t=20200519102223
79,14,여성 가방,크로스백,MLB,,2022 ALL,여,,,,,https://image.msscdn.net/images/goods_img/20220225/2386134/2386134_2_500.jpg?t=20220302131429
80,14,스니커즈,기타 스니커즈,NEW BALANCE,,2022 ALL,남 여,,,,,https://image.msscdn.net/images/goods_img/20211214/2268471/2268471_3_500.jpg?t=20221018162804
81,15,아우터,숏패딩/숏헤비 아우터,NATIONALGEOGRAPHIC,,2021 F/W,여,,,,,https://image.msscdn.net/images/goods_img/20210826/2090687/2090687_6_500.jpg?t=20220628164427
82,15,스포츠/용품,상의,DOYOUKNOWMC,,2021 F/W,여,,,,,https://image.msscdn.net/images/goods_img/20210829/2096330/2096330_3_500.jpg?t=20211222120056
83,15,스포츠/용품,스커트,DOYOUKNOWMC,,2021 F/W,여,,,,,https://image.msscdn.net/images/goods_img/20210908/2116299/2116299_2_500.jpg?t=20211115123450
84,15,스포츠/용품,스포츠모자,DOYOUKNOWMC,,2021 ALL,여,,,,,https://image.msscdn.net/images/goods_img/20210829/2096310/2096310_1_500.jpg?t=20220921224501
85,15,스포츠/용품,스포츠가방,W.ANGLE,,2021 ALL,남,,,,,https://image.msscdn.net/images/goods_img/20211005/2161273/2161273_1_500.jpg?t=20211005111029
86,16,스포츠/용품,스포츠모자,PONYTAIL TOUR GIRL,,2022 ALL,여,,,,,https://image.msscdn.net/images/goods_img/20220310/2409493/2409493_1_500.jpg?t=20220314101812
87,16,스포츠/용품,스포츠잡화,RAINMAKER,,2021 ALL,여,,,,,https://image.msscdn.net/images/goods_img/20210428/1926494/1926494_1_500.jpg?t=20210428173759
88,16,양말/레그웨어,양말,ADIDAS,,2022 S/S,남 여,,,,,https://image.msscdn.net/images/goods_img/20220302/2391943/2391943_2_500.jpg?t=20220322091409
89,16,스포츠/용품,스포츠가방,PONYTAIL TOUR GIRL,,2022 ALL,여,,,,,https://image.msscdn.net/images/goods_img/20220310/2409439/2409439_1_500.jpg?t=20220314154146
90,16,스니커즈,패션스니커즈화,ADIDAS,,2022 S/S,남 여,,,,,https://image.msscdn.net/images/goods_img/20220317/2427154/2427154_1_500.jpg?t=20220322151139
91,17,스포츠/용품,아우터,BEANPOLE GOLF,,2022 S/S,남,,,,,https://image.msscdn.net/images/goods_img/20220124/2323829/2323829_2_500.jpg?t=20220308121012
92,17,스포츠/용품,상의,BLUDOT,,0,남,,,,,https://image.msscdn.net/images/goods_img/20220128/2336510/2336510_2_500.jpg?t=20220321155133
93,17,바지,트레이닝/조거 팬츠,JAMIE WEST,,2021 F/W,남,,,,,https://image.msscdn.net/images/goods_img/20210916/2137363/2137363_1_500.jpg?t=20210927122438
94,17,스포츠/용품,스포츠모자,MALBON GOLF,,2021 ALL,남 여,,,,,https://image.msscdn.net/images/goods_img/20211209/2264079/2264079_1_500.jpg?t=20211209162540
95,17,스포츠/용품,스포츠잡화,MEASPHERA,,2021 ALL,여,,,,,https://image.msscdn.net/images/goods_img/20210225/1815422/1815422_1_500.png?t=20210225193328
96,17,양말/레그웨어,양말,JAMIE WEST,,0,남,,,,,https://image.msscdn.net/images/goods_img/20201119/1695391/1695391_1_500.jpg?t=20201119132026
97,17,스포츠/용품,스포츠신발,FILA GOLF,,2022 ALL,남,,,,,https://image.msscdn.net/images/goods_img/20220217/2366800/2366800_2_500.jpg?t=20220217100122
98,18,스포츠/용품,상의,HUMER,,2021 S/S,여,,,,,https://image.msscdn.net/images/goods_img/20210407/1886043/1886043_1_500.jpg?t=20210407170933
99,18,스니커즈,캔버스/단화,ADIDAS,,2021 S/S,남 여,,,,,https://image.msscdn.net/images/goods_img/20210319/1854857/1854857_1_500.jpg?t=20210322173455
100,19,스포츠/용품,하의,CHALLENGER,,2021 F/W,남,,,,,https://image.msscdn.net/images/goods_img/20211101/2208974/2208974_1_500.jpg?t=20211101143049
101,19,스포츠/용품,스포츠잡화,MEASPHERA,,2021 ALL,여,,,,,https://image.msscdn.net/images/goods_img/20210225/1815422/1815422_1_500.png?t=20210225193328
102,19,스포츠/용품,스포츠가방,MEASPHERA,,2021 ALL,여,,,,,https://image.msscdn.net/images/goods_img/20210223/1809836/1809836_1_500.png?t=20210706143048
103,19,스니커즈,캔버스/단화,lar,,2021 ALL,남 여,,,,,https://image.msscdn.net/images/goods_img/20211029/2207185/2207185_1_500.jpg?t=20220801163607
104,20,아우터,블루종/MA-1,AIMSWING+8,,2021 F/W,여,,,,,https://image.msscdn.net/images/goods_img/20210915/2133232/2133232_1_500.jpg?t=20210915194359
105,20,아우터,카디건,MONGDOL,,2022 S/S,여,,,,,https://image.msscdn.net/images/goods_img/20210917/2139995/2139995_1_500.jpg?t=20220927095202
106,20,스포츠/용품,상의,CELLTY,,2021 F/W,여,,,,,https://image.msscdn.net/images/goods_img/20210916/2137695/2137695_1_500.jpg?t=20210921215333
107,20,스포츠/용품,스커트,CELLTY,,2021 F/W,여,,,,,https://image.msscdn.net/images/goods_img/20210916/2138327/2138327_1_500.png?t=20210921220801
108,20,스포츠/용품,스포츠잡화,MLB GOLF,,2020 ALL,남,,,,,https://image.msscdn.net/images/goods_img/20200519/1452029/1452029_1_500.jpg?t=20200519102223
109,20,스니커즈,캔버스/단화,SHOOPEN,,2021 ALL,남 여,,,,,https://image.msscdn.net/images/goods_img/20210916/2134667/2134667_3_500.jpg?t=20211115133813
110,21,스커트,미니스커트,PORTMAYNE,,2022 S/S,여,,,,,https://image.msscdn.net/images/goods_img/20220401/2463018/2463018_1_500.jpg?t=20220401164534
111,21,양말/레그웨어,양말,REXY,,2019 ALL,남,,,,,https://image.msscdn.net/images/goods_img/20190823/1126723/1126723_1_500.jpg?t=20220628150305
112,21,가방,토트백,MALBON GOLF,,2022 ALL,남 여,,,,,https://image.msscdn.net/images/goods_img/20220104/2291981/2291981_1_500.jpg?t=20220104145213
113,21,스니커즈,패션스니커즈화,REEBOK,,2021 S/S,남 여,,,,,https://image.msscdn.net/images/goods_img/20210309/1834638/1834638_1_500.jpg?t=20210309162519
114,22,아우터,베스트,KUME,,2021 F/W,남,,,,,https://image.msscdn.net/images/goods_img/20211006/2163809/2163809_1_500.jpg?t=20211006115520
115,22,상의,셔츠/블라우스,MUSINSA STANDARD,,0,남,,,,,https://image.msscdn.net/images/goods_img/20191007/1178371/1178371_1_500.jpg?t=20191007152035
116,22,스포츠/용품,하의,CHAMPION GOLF,,2021 F/W,남,,,,,https://image.msscdn.net/images/goods_img/20211006/2164973/2164973_2_500.jpg?t=20211018103247
117,22,스포츠/용품,스포츠모자,PERSIANCAT GOLF,,2021 ALL,라이프,,,,,https://image.msscdn.net/images/goods_img/20210624/2008158/2008158_1_500.jpg?t=20210624135915
118,22,스포츠/용품,스포츠가방,PERSIANCAT GOLF,,2021 ALL,라이프,,,,,https://image.msscdn.net/images/goods_img/20210624/2008541/2008541_1_500.jpg?t=20210624161937
119,22,스니커즈,기타 스니커즈,SHOOPEN,,2021 ALL,남 여,,,,,https://image.msscdn.net/images/goods_img/20211018/2182591/2182591_7_500.jpg?t=20211118090314
120,23,상의,피케/카라 티셔츠,MARDI MERCREDI ACTIF,,2022 S/S,여,,,,,https://image.msscdn.net/images/goods_img/20220420/2504386/2504386_1_500.jpg?t=20220429095206
121,23,바지,숏 팬츠,MARDI MERCREDI ACTIF,,2022 S/S,여,,,,,https://image.msscdn.net/images/goods_img/20220420/2504380/2504380_1_500.jpg?t=20220429095615
122,23,주얼리,헤어 액세서리,VVV,,2022 ALL,여,,,,,https://image.msscdn.net/images/goods_img/20220321/2435205/2435205_4_500.jpg?t=20220518144833
123,23,스포츠/용품,스포츠잡화,MARDI MERCREDI ACTIF,,ALL,여,,,,,https://image.msscdn.net/images/goods_img/20210901/2102889/2102889_2_500.png?t=20220905154518
124,23,여성 가방,숄더백,AVAM,,2022 ALL,여,,,,,https://image.msscdn.net/images/goods_img/20220605/2599000/2599000_1_500.jpg?t=20220605143413
125,23,스니커즈,캔버스/단화,KEDS,,2022 ALL,여,,,,,https://image.msscdn.net/images/goods_img/20220222/2377489/2377489_2_500.jpg?t=20220222160737
126,24,스포츠/용품,아우터,MALBON GOLF,,2022 S/S,남,,,,,https://image.msscdn.net/images/goods_img/20220114/2307791/2307791_1_500.jpg?t=20220114110810
127,24,스포츠/용품,상의,C DE NOIRS,,2021 F/W,남,,,,,https://image.msscdn.net/images/goods_img/20211028/2204816/2204816_1_500.jpg?t=20211213154936
128,24,바지,트레이닝/조거 팬츠,JAMIE WEST,,2021 F/W,남,,,,,https://image.msscdn.net/images/goods_img/20210916/2137363/2137363_1_500.jpg?t=20210927122438
129,24,스포츠/용품,스포츠모자,MEASPHERA,,2021 ALL,여,,,,,https://image.msscdn.net/images/goods_img/20210225/1813959/1813959_1_500.png?t=20210225194457
130,24,스포츠/용품,스포츠잡화,ROSA.K,,2021 ALL,남,,,,,https://image.msscdn.net/images/goods_img/20211124/2246113/2246113_1_500.jpg?t=20211124114315
131,24,스포츠/용품,스포츠가방,CRISION,,2021 ALL,남,,,,,https://image.msscdn.net/images/goods_img/20210916/2134794/2134794_1_500.jpg?t=20210916104050
132,24,스니커즈,캔버스/단화,LABELOGUE,,2021 ALL,남,,,,,https://image.msscdn.net/images/goods_img/20210330/1871337/1871337_1_500.jpg?t=20210330184721
133,25,아우터,롱패딩/롱헤비 아우터,K2,,2022 F/W,남 여,,,,,https://image.msscdn.net/images/goods_img/20210811/2059070/2059070_6_500.jpg?t=20220805141744
134,25,스포츠/용품,상의,CELUI HURU,,2021 F/W,남,,,,,https://image.msscdn.net/images/goods_img/20211006/2164564/2164564_5_500.jpg?t=20220628164623
135,26,아우터,숏패딩/숏헤비 아우터,NATIONALGEOGRAPHIC,,2021 F/W,여,,,,,https://image.msscdn.net/images/goods_img/20210826/2090695/2090695_6_500.jpg?t=20220628164427
136,26,스포츠/용품,상의,DOYOUKNOWMC,,2021 F/W,여,,,,,https://image.msscdn.net/images/goods_img/20210829/2096264/2096264_4_500.jpg?t=20211215112039
137,26,스포츠/용품,스커트,DOYOUKNOWMC,,2021 F/W,여,,,,,https://image.msscdn.net/images/goods_img/20210908/2116299/2116299_2_500.jpg?t=20211115123450
138,26,스포츠/용품,스포츠모자,DOYOUKNOWMC,,2021 ALL,여,,,,,https://image.msscdn.net/images/goods_img/20210829/2096323/2096323_1_500.jpg?t=20220921225554
139,26,스포츠/용품,스포츠잡화,MLB GOLF,,2020 ALL,남,,,,,https://image.msscdn.net/images/goods_img/20200519/1452033/1452033_1_500.jpg?t=20200519102306
140,26,스니커즈,캔버스/단화,SHOOPEN,,2021 ALL,남 여,,,,,https://image.msscdn.net/images/goods_img/20210916/2134666/2134666_3_500.jpg?t=20211115133827
141,27,스포츠/용품,아우터,SNOWPEAK APPAREL,,2021 F/W,남 여,,,,,https://image.msscdn.net/images/goods_img/20210902/2104775/2104775_1_500.jpg?t=20220628163807
142,27,상의,기타 상의,OUTSTANDING,,2021 F/W,남,,,,,https://image.msscdn.net/images/goods_img/20210927/2148128/2148128_1_500.jpg?t=20210928150826
143,27,상의,셔츠/블라우스,FILLUMINATE,,ALL F/W,남,,,,,https://image.msscdn.net/images/goods_img/20210803/2047956/2047956_1_500.jpg?t=20210819165716
144,27,스포츠/용품,스포츠모자,DAREPLAY,,2021 ALL,남,,,,,https://image.msscdn.net/images/goods_img/20210427/1923293/1923293_4_500.jpg?t=20220526150158
145,27,스포츠/용품,스포츠잡화,MLB GOLF,,2020 ALL,남,,,,,https://image.msscdn.net/images/goods_img/20200519/1452029/1452029_1_500.jpg?t=20200519102223
146,27,스포츠/용품,스포츠가방,CNN APPAREL,,0,남,,,,,https://image.msscdn.net/images/goods_img/20210924/2145112/2145112_1_500.jpg?t=20211105160055
147,28,스커트,미니스커트,OiOi,,2021 F/W,여,,,,,https://image.msscdn.net/images/goods_img/20210309/1834805/1834805_1_500.png?t=20210310105608
148,28,모자,기타 모자,VARZAR,,2020 ALL,여,,,,,https://image.msscdn.net/images/goods_img/20200507/1433922/1433922_1_500.jpg?t=20220628152832
149,29,스포츠/용품,아우터,CHALLENGER,,2021 F/W,남,,,,,https://image.msscdn.net/images/goods_img/20211101/2209063/2209063_1_500.jpg?t=20211101144520
150,29,스포츠/용품,상의,C DE NOIRS,,2021 F/W,남,,,,,https://image.msscdn.net/images/goods_img/20211028/2204816/2204816_1_500.jpg?t=20211213154936
151,29,스포츠/용품,하의,CHALLENGER,,2021 F/W,남,,,,,https://image.msscdn.net/images/goods_img/20211101/2208967/2208967_1_500.jpg?t=20211101142932
152,29,스포츠/용품,스포츠잡화,MALBON GOLF,,2021 ALL,남 여,,,,,https://image.msscdn.net/images/goods_img/20211105/2220978/2220978_1_500.jpg?t=20211105185807
153,29,스포츠/용품,스포츠가방,CRISION,,2021 ALL,남,,,,,https://image.msscdn.net/images/goods_img/20210915/2134205/2134205_1_500.jpg?t=20210915192435
154,29,스포츠/용품,스포츠신발,OVERDOZ,,2021 ALL,남 여,,,,,https://image.msscdn.net/images/goods_img/20210427/1922952/1922952_1_500.jpg?t=20210427153337
155,30,스포츠/용품,아우터,diadora,,2022 S/S,여,,,,,https://image.msscdn.net/images/goods_img/20220513/2558157/2558157_1_500.jpg?t=20220513123138
156,30,스포츠/용품,스커트,diadora,,2022 ALL,여,,,,,https://image.msscdn.net/images/goods_img/20220517/2565783/2565783_2_500.jpg?t=20220517182855
157,30,스포츠/용품,스포츠가방,ANEW GOLF,,2022 ALL,여,,,,,https://image.msscdn.net/images/goods_img/20220512/2555073/2555073_1_500.jpg?t=20220512140242
158,30,양말/레그웨어,양말,ANEW GOLF,,2022 ALL,여,,,,,https://image.msscdn.net/images/goods_img/20220419/2501835/2501835_1_500.jpg?t=20220419235721
159,30,스포츠/용품,스포츠신발,ROYAL ALBARTROSS,,2022 ALL,여,,,,,https://image.msscdn.net/images/goods_img/20211229/2285390/2285390_1_500.jpg?t=20211229090305
160,31,상의,피케/카라 티셔츠,LACOSTE,,2020 F/W,남,,,,,https://image.msscdn.net/images/goods_img/20200828/1567716/1567716_2_500.jpg?t=20201012193201
161,31,상의,니트/스웨터,LACOSTE,,2020 F/W,남,,,,,https://image.msscdn.net/images/goods_img/20200828/1567776/1567776_2_500.jpg?t=20201012194132
162,31,모자,기타 모자,OUTDOOR RESEARCH,,2020 ALL,남,,,,,https://image.msscdn.net/images/goods_img/20200318/1355952/1355952_2_500.jpg?t=20220907145024
163,31,시계,쿼츠 아날로그,ST.SCOTT LONDON,,2020 ALL,남,,,,,https://image.msscdn.net/images/goods_img/20200806/1538617/1538617_1_500.jpg?t=20200806103248
164,31,스포츠/용품,스포츠잡화,MLB GOLF,,2020 ALL,남,,,,,https://image.msscdn.net/images/goods_img/20200519/1452035/1452035_1_500.jpg?t=20200519102335
165,31,스니커즈,패션스니커즈화,PEMONT,,0,남,,,,,https://image.msscdn.net/images/goods_img/20180211/714368/714368_2_500.jpg?t=20180212122136
166,32,아우터,숏패딩/숏헤비 아우터,ADIDAS,,2021 F/W,남,,,,,https://image.msscdn.net/images/goods_img/20210914/2130171/2130171_1_500.jpg?t=20210916111019
167,32,아우터,패딩 베스트,JAMIE WEST,,2021 F/W,남,,,,,https://image.msscdn.net/images/goods_img/20210916/2137428/2137428_1_500.jpg?t=20210928142530
168,32,상의,셔츠/블라우스,MARJI HOUSE,,2021 F/W,남,,,,,https://image.msscdn.net/images/goods_img/20211019/2184862/2184862_1_500.jpg?t=20211019002451
169,32,스포츠/용품,하의,MALBON GOLF,,2021 F/W,남,,,,,https://image.msscdn.net/images/goods_img/20211019/2187755/2187755_1_500.jpg?t=20211019195216
170,32,스포츠/용품,스포츠잡화,MLB GOLF,,2020 ALL,남,,,,,https://image.msscdn.net/images/goods_img/20200519/1452029/1452029_1_500.jpg?t=20200519102223
171,32,스포츠/용품,스포츠가방,PERSIANCAT GOLF,,2021 ALL,라이프,,,,,https://image.msscdn.net/images/goods_img/20210518/1956702/1956702_1_500.jpg?t=20210518152018
172,32,스니커즈,기타 스니커즈,CLASSICO,,2021 ALL,남 여,,,,,https://image.msscdn.net/images/goods_img/20210820/2074006/2074006_2_500.jpg?t=20210820171309
173,33,아우터,숏패딩/숏헤비 아우터,RUSSELL ATHLETIC,,0,남,,,,,https://image.msscdn.net/images/goods_img/20201113/1689918/1689918_2_500.jpg?t=20201209140604
174,33,스포츠/용품,아우터,CASTELBAJAC,,2020 F/W,남,,,,,https://image.msscdn.net/images/goods_img/20201113/1689343/1689343_1_500.jpg?t=20201113144836
175,34,스포츠/용품,상의,SOCIAL GREEN CLUB,,2022 S/S,여,,,,,https://image.msscdn.net/images/goods_img/20220312/2414229/2414229_1_500.jpg?t=20220312035519
176,34,스포츠/용품,스커트,GREENICH,,2022 S/S,여,,,,,https://image.msscdn.net/images/goods_img/20220325/2445851/2445851_2_500.jpg?t=20220530015529
177,34,스포츠/용품,스포츠가방,CLOVE,,2022 ALL,여,,,,,https://image.msscdn.net/images/goods_img/20220222/2377989/2377989_2_500.jpg?t=20220224175706
178,34,스포츠/용품,스포츠가방,CITE DE CITE,,2021 ALL,여,,,,,https://image.msscdn.net/images/goods_img/20211102/2210496/2210496_3_500.jpg?t=20220915125818
179,34,양말/레그웨어,양말,LIKEWIZE,,2022 ALL,여,,,,,https://image.msscdn.net/images/goods_img/20220216/2364553/2364553_1_500.jpg?t=20220317213431
180,34,스포츠/용품,스포츠신발,JINNY KIM,,2022 ALL,여,,,,,https://image.msscdn.net/images/goods_img/20220413/2485078/2485078_6_500.jpg?t=20220707110545
181,35,아우터,블루종/MA-1,AIMSWING+8,,2021 F/W,여,,,,,https://image.msscdn.net/images/goods_img/20210915/2133232/2133232_1_500.jpg?t=20210915194359
182,35,상의,맨투맨/스웨트셔츠,AIMSWING+8,,2021 F/W,여,,,,,https://image.msscdn.net/images/goods_img/20210915/2133560/2133560_1_500.jpg?t=20210915195525
183,35,스포츠/용품,스커트,DOYOUKNOWMC,,2021 F/W,여,,,,,https://image.msscdn.net/images/goods_img/20210905/2109172/2109172_6_500.jpg?t=20221016210942
184,35,스포츠/용품,스포츠모자,DOYOUKNOWMC,,2021 ALL,여,,,,,https://image.msscdn.net/images/goods_img/20210829/2096323/2096323_1_500.jpg?t=20220921225554
185,35,스포츠/용품,스포츠잡화,MLB GOLF,,2020 ALL,남,,,,,https://image.msscdn.net/images/goods_img/20200519/1452038/1452038_1_500.jpg?t=20200519102420
186,35,스니커즈,캔버스/단화,SHOOPEN,,2021 ALL,남 여,,,,,https://image.msscdn.net/images/goods_img/20210916/2134666/2134666_3_500.jpg?t=20211115133827
187,36,스포츠/용품,스커트,CELLTY,,2021 F/W,여,,,,,https://image.msscdn.net/images/goods_img/20210916/2138323/2138323_1_500.jpg?t=20210921220653
188,36,액세서리,머플러,APIECEOFCAKE,,2021 ALL,여,,,,,https://image.msscdn.net/images/goods_img/20211006/2163978/2163978_1_500.jpg?t=20211007190400
189,36,스포츠/용품,스포츠잡화,RAINMAKER,,2021 ALL,남,,,,,https://image.msscdn.net/images/goods_img/20210428/1926306/1926306_1_500.jpg?t=20210428171154
190,36,스포츠/용품,기구/용품/장비,RAINMAKER,,2021 ALL,남,,,,,https://image.msscdn.net/images/goods_img/20210601/1977125/1977125_1_500.jpg?t=20210601134202
191,36,양말/레그웨어,양말,MARTINE GOLF,,2021 ALL,여,,,,,https://image.msscdn.net/images/goods_img/20210928/2150620/2150620_7_500.jpg?t=20211005183520
192,36,스포츠/용품,스포츠신발,MARTINE GOLF,,2021 ALL,여,,,,,https://image.msscdn.net/images/goods_img/20210928/2150423/2150423_5_500.jpg?t=20211005182031
193,37,아우터,사파리/헌팅 재킷,ORTUS VASTERDS,,2022 ALL,남,,,,,https://image.msscdn.net/images/goods_img/20210923/2142223/2142223_1_500.jpg?t=20220628164250
194,37,모자,헌팅캡/베레모,ABRAHAM MOON,,2021 ALL,남,,,,,https://image.msscdn.net/images/goods_img/20211001/2158112/2158112_1_500.jpg?t=20211001110326
195,37,스니커즈,캔버스/단화,FIRENZE ATELIER,,2021 ALL,남,,,,,https://image.msscdn.net/images/goods_img/20210707/2021979/2021979_3_500.jpg?t=20220602094104
196,38,스포츠/용품,아우터,MALBON GOLF,,2021 F/W,남,,,,,https://image.msscdn.net/images/goods_img/20211103/2214893/2214893_1_500.jpg?t=20211103153237
197,38,스포츠/용품,상의,CLEVELAND GOLF,,2021 F/W,남,,,,,https://image.msscdn.net/images/goods_img/20211102/2210917/2210917_2_500.jpg?t=20220720115912
198,38,스포츠/용품,하의,MALBON GOLF,,2021 F/W,남,,,,,https://image.msscdn.net/images/goods_img/20211019/2187755/2187755_1_500.jpg?t=20211019195216
199,38,스포츠/용품,스포츠잡화,MALBON GOLF,,2021 ALL,남 여,,,,,https://image.msscdn.net/images/goods_img/20211105/2220978/2220978_1_500.jpg?t=20211105185807
200,38,스포츠/용품,스포츠가방,MEASPHERA,,2021 ALL,라이프,,,,,https://image.msscdn.net/images/goods_img/20210223/1809868/1809868_1_500.png?t=20210225194007
201,39,스포츠/용품,상의,MALBON GOLF,,2022 S/S,여,,,,,https://image.msscdn.net/images/goods_img/20220322/2435602/2435602_1_500.jpg?t=20220322095747
202,39,스포츠/용품,스커트,MALBON GOLF,,2022 S/S,여,,,,,https://image.msscdn.net/images/goods_img/20220128/2336536/2336536_1_500.jpg?t=20220128134146
203,39,스포츠/용품,스포츠모자,PLAYBOO,,2022 ALL,여,,,,,https://image.msscdn.net/images/goods_img/20220411/2480551/2480551_2_500.jpg?t=20220419164511
204,39,스포츠/용품,스포츠잡화,FAIRLIAR,,0,여,,,,,https://image.msscdn.net/images/goods_img/20220222/2377366/2377366_2_500.jpg?t=20220628170217
205,39,양말/레그웨어,양말,MALBON GOLF,,2022 ALL,여,,,,,https://image.msscdn.net/images/goods_img/20220314/2416269/2416269_1_500.jpg?t=20220314154347
206,39,여성 가방,토트백,FAIRLIAR,,2022 ALL,여,,,,,https://image.msscdn.net/images/goods_img/20220323/2440319/2440319_1_500.jpg?t=20220628170850
207,40,스포츠/용품,스포츠잡화,GLENMUIR,,2021 ALL,남,,,,,https://image.msscdn.net/images/goods_img/20211025/2196192/2196192_2_500.jpg?t=20211025163219
208,40,스포츠/용품,스포츠신발,OVERDOZ,,2021 ALL,남 여,,,,,https://image.msscdn.net/images/goods_img/20210428/1924943/1924943_7_500.jpg?t=20210428154730
209,41,상의,후드 티셔츠,FILA GOLF,,2021 S/S,남,,,,,https://image.msscdn.net/images/goods_img/20210617/1998848/1998848_1_500.jpg?t=20210628091539
210,41,상의,셔츠/블라우스,DIAMOND LAYLA,,2020 S/S,남 여,,,,,https://image.msscdn.net/images/goods_img/20200522/1458788/1458788_8_500.jpg?t=20220519133614
211,41,상의,니트/스웨터,KNITTED,,2021 F/W,남 여,,,,,https://image.msscdn.net/images/goods_img/20210812/2061494/2061494_4_500.jpg?t=20220331093524
212,41,스포츠/용품,하의,FILA GOLF,,2021 S/S,남,,,,,https://image.msscdn.net/images/goods_img/20210617/1998843/1998843_1_500.jpg?t=20210628091632
213,41,스포츠/용품,스포츠모자,FILA GOLF,,2021 ALL,남,,,,,https://image.msscdn.net/images/goods_img/20210323/1859513/1859513_1_500.jpg?t=20210323160307
214,41,스포츠/용품,스포츠잡화,MLB GOLF,,2020 ALL,남,,,,,https://image.msscdn.net/images/goods_img/20200519/1452039/1452039_1_500.jpg?t=20200519102435
215,41,양말/레그웨어,양말,REXY,,2019 ALL,남,,,,,https://image.msscdn.net/images/goods_img/20190823/1126723/1126723_1_500.jpg?t=20220628150305
216,41,스포츠/용품,스포츠신발,OVERDOZ,,2021 ALL,남 여,,,,,https://image.msscdn.net/images/goods_img/20210428/1924995/1924995_5_500.jpg?t=20210428121137
217,42,아우터,패딩 베스트,MUSINSA STANDARD,,0,남,,,,,https://image.msscdn.net/images/goods_img/20170821/605458/605458_4_500.jpg?t=20190812141104
218,42,모자,캡/야구 모자,CLOVE,,0,남,,,,,https://image.msscdn.net/images/goods_img/20191127/1236995/1236995_4_500.jpg?t=20220222105028
219,42,스포츠/용품,스포츠가방,JACKNICKLAUS,,0,남,,,,,https://image.msscdn.net/images/goods_img/20201015/1650897/1650897_1_500.jpg?t=20201015171047
220,42,스포츠/용품,스포츠잡화,MLB GOLF,,2020 ALL,남,,,,,https://image.msscdn.net/images/goods_img/20200519/1452037/1452037_1_500.jpg?t=20200519102404
221,42,양말/레그웨어,양말,REXY,,2020 ALL,여,,,,,https://image.msscdn.net/images/goods_img/20200211/1300717/1300717_1_500.jpg?t=20200211180720
222,42,스니커즈,캔버스/단화,MONGTANA,,0,남 여,,,,,https://image.msscdn.net/images/goods_img/20190822/1125689/1125689_3_500.jpg?t=20190829105920
223,43,아우터,숏패딩/숏헤비 아우터,NATIONALGEOGRAPHIC,,2021 F/W,여,,,,,https://image.msscdn.net/images/goods_img/20211005/2161985/2161985_4_500.jpg?t=20220628165132
224,43,상의,기타 상의,KUME,,2021 F/W,여,,,,,https://image.msscdn.net/images/goods_img/20211006/2163871/2163871_1_500.jpg?t=20211006124843
225,43,스포츠/용품,스커트,BERMUDAGRASS,,2021 F/W,여,,,,,https://image.msscdn.net/images/goods_img/20211129/2250938/2250938_1_500.jpg?t=20211129034755
226,43,스포츠/용품,스포츠모자,W.ANGLE,,2021 ALL,여,,,,,https://image.msscdn.net/images/goods_img/20211105/2219999/2219999_1_500.jpg?t=20211105142139
227,43,스포츠/용품,스포츠잡화,BLUDOT,,2021 ALL,여,,,,,https://image.msscdn.net/images/goods_img/20211118/2240512/2240512_2_500.jpg?t=20220317183519
228,43,양말/레그웨어,양말,REXY,,2020 ALL,여,,,,,https://image.msscdn.net/images/goods_img/20200211/1300794/1300794_1_500.jpg?t=20220628151805
229,43,스포츠/용품,스포츠신발,ASICS GOLF,,2021 F/W,남,,,,,https://image.msscdn.net/images/goods_img/20210630/2013928/2013928_1_500.jpg?t=20210720182329
230,44,상의,피케/카라 티셔츠,JAMIE WEST,,2021 ALL,남,,,,,https://image.msscdn.net/images/goods_img/20210416/1902634/1902634_1_500.jpg?t=20210423042815
231,44,주얼리,팔찌,SCENUERDO,,2019 ALL,남,,,,,https://image.msscdn.net/images/goods_img/20190610/1068090/1068090_1_500.jpg?t=20200309102228
232,44,액세서리,벨트,MUSINSA STANDARD,,0,남,,,,,https://image.msscdn.net/images/goods_img/20190430/1031296/1031296_7_500.jpg?t=20210705112128
233,44,스포츠/용품,스포츠가방,JAMIE WEST,,0,남,,,,,https://image.msscdn.net/images/goods_img/20201119/1695168/1695168_1_500.jpg?t=20201119112554
234,44,스포츠/용품,스포츠신발,OVERDOZ,,2021 ALL,남 여,,,,,https://image.msscdn.net/images/goods_img/20210428/1924926/1924926_6_500.jpg?t=20210428114856
235,45,아우터,카디건,CLOTTY,,2021 F/W,여,,,,,https://image.msscdn.net/images/goods_img/20200805/1538067/1538067_2_500.jpg?t=20210818220933
236,45,스포츠/용품,스포츠잡화,MLB GOLF,,2020 ALL,남,,,,,https://image.msscdn.net/images/goods_img/20200519/1452029/1452029_1_500.jpg?t=20200519102223
237,45,스니커즈,기타 스니커즈,SMASHOES,,2020 ALL,여,,,,,https://image.msscdn.net/images/goods_img/20200924/1623476/1623476_1_500.jpg?t=20200924194256
238,46,원피스,미니 원피스,LACOSTE,,2020 F/W,여,,,,,https://image.msscdn.net/images/goods_img/20200907/1586769/1586769_3_500.jpg?t=20201013110129
239,46,스포츠/용품,스포츠가방,JACKNICKLAUS,,0,남,,,,,https://image.msscdn.net/images/goods_img/20201015/1650897/1650897_1_500.jpg?t=20201015171047
240,46,스포츠/용품,스포츠잡화,MLB GOLF,,2020 ALL,남,,,,,https://image.msscdn.net/images/goods_img/20200519/1452037/1452037_1_500.jpg?t=20200519102404
241,46,양말/레그웨어,양말,REXY,,2020 ALL,여,,,,,https://image.msscdn.net/images/goods_img/20200211/1300754/1300754_1_500.jpg?t=20220628151804
242,46,스니커즈,캔버스/단화,LACOSTE,,2020 ALL,남,,,,,https://image.msscdn.net/images/goods_img/20200915/1602528/1602528_2_500.jpg?t=20201013111341
243,47,스포츠/용품,상의,CREVE9,,2021 F/W,여,,,,,https://image.msscdn.net/images/goods_img/20211202/2255655/2255655_1_500.jpg?t=20211202162735
244,47,스포츠/용품,스포츠가방,CREVE9,,2021 ALL,여,,,,,https://image.msscdn.net/images/goods_img/20210707/2022353/2022353_1_500.jpg?t=20210707161312
245,47,스니커즈,캔버스/단화,CONVERSE,,2022 ALL,여,,,,,https://image.msscdn.net/images/goods_img/20211217/2272064/2272064_1_500.jpg?t=20221007135242
246,48,아우터,플리스/뽀글이,MAGOODGAN,,2020 F/W,여,,,,,https://image.msscdn.net/images/goods_img/20201013/1645823/1645823_1_500.jpg?t=20201013161128
247,48,아우터,베스트,AIMSWING+8,,2021 F/W,여,,,,,https://image.msscdn.net/images/goods_img/20210915/2132677/2132677_1_500.jpg?t=20210915192351
248,48,상의,긴소매 티셔츠,AIMSWING+8,,2021 F/W,여,,,,,https://image.msscdn.net/images/goods_img/20210915/2133816/2133816_1_500.jpg?t=20210915200034
249,48,스커트,미니스커트,AIMSWING+8,,2021 F/W,여,,,,,https://image.msscdn.net/images/goods_img/20210915/2132718/2132718_1_500.jpg?t=20210915192821
250,48,양말/레그웨어,양말,REXY,,2020 ALL,여,,,,,https://image.msscdn.net/images/goods_img/20200211/1300822/1300822_1_500.jpg?t=20220628151805
251,48,스포츠/용품,기구/용품/장비,RAINMAKER,,2021 ALL,남,,,,,https://image.msscdn.net/images/goods_img/20210601/1977125/1977125_1_500.jpg?t=20210601134202
252,48,스니커즈,기타 스니커즈,IYSO,,2021 ALL,남 여,,,,,https://image.msscdn.net/images/goods_img/20210630/2015174/2015174_1_500.jpg?t=20210702122841
253,49,스포츠/용품,아우터,ANTOMARS,,2022 S/S,여,,,,,https://image.msscdn.net/images/goods_img/20220623/2631853/2631853_1_500.jpg?t=20220623201210
254,49,스커트,미니스커트,MARDI MERCREDI ACTIF,,2022 S/S,여,,,,,https://image.msscdn.net/images/goods_img/20220420/2504374/2504374_2_500.jpg?t=20220905145106
255,49,스포츠/용품,스포츠모자,MARDI MERCREDI ACTIF,,ALL,여,,,,,https://image.msscdn.net/images/goods_img/20210901/2102887/2102887_1_500.jpg?t=20210901173812
256,49,여성 가방,웨이스트 백,MARDI MERCREDI ACTIF,,2022 S/S,여,,,,,https://image.msscdn.net/images/goods_img/20220420/2504393/2504393_1_500.jpg?t=20220429094506
257,49,양말/레그웨어,양말,PORTMAYNE,,2022 ALL,여,,,,,https://image.msscdn.net/images/goods_img/20220401/2462995/2462995_1_500.jpg?t=20220401164324
258,49,스포츠/용품,스포츠신발,LECOQ GOLF,,2022 ALL,여,,,,,https://image.msscdn.net/images/goods_img/20220712/2660568/2660568_5_500.jpg?t=20221027133014
259,50,스포츠/용품,아우터,CASTELBAJAC,,2020 F/W,여,,,,,https://image.msscdn.net/images/goods_img/20201113/1689108/1689108_1_500.jpg?t=20201113140602
260,50,스포츠/용품,스포츠가방,QUALPACK,,0,남,,,,,https://image.msscdn.net/images/goods_img/20201218/1726409/1726409_2_500.jpg?t=20220224102312
261,50,스니커즈,기타 스니커즈,LIKE SOME MORE,,0,남 여,,,,,https://image.msscdn.net/images/goods_img/20191216/1251692/1251692_3_500.jpg?t=20201118125530
262,51,아우터,플리스/뽀글이,HARLAN+HOLDEN,,2021 F/W,여,,,,,https://image.msscdn.net/images/goods_img/20211214/2268059/2268059_6_500.jpg?t=20211221100813
263,51,아우터,베스트,CLOVE,,2021 F/W,남,,,,,https://image.msscdn.net/images/goods_img/20210929/2152936/2152936_2_500.jpg?t=20210929153932
264,51,상의,셔츠/블라우스,B ABLE TWO,,2021 F/W,여,,,,,https://image.msscdn.net/images/goods_img/20211104/2216955/2216955_1_500.jpg?t=20220628165048
265,51,스포츠/용품,스커트,FILA GOLF,,2021 F/W,여,,,,,https://image.msscdn.net/images/goods_img/20211007/2166329/2166329_2_500.jpg?t=20211007113434
266,51,주얼리,헤어 액세서리,AUTOUR DU MONDE,,2021 ALL,여,,,,,https://image.msscdn.net/images/goods_img/20210203/1775006/1775006_1_500.jpg?t=20210203143027
267,51,스포츠/용품,스포츠잡화,MLB GOLF,,2020 ALL,남,,,,,https://image.msscdn.net/images/goods_img/20200519/1452029/1452029_1_500.jpg?t=20200519102223
268,51,양말/레그웨어,양말,REXY,,2020 ALL,여,,,,,https://image.msscdn.net/images/goods_img/20200211/1300794/1300794_1_500.jpg?t=20220628151805
269,52,스포츠/용품,아우터,MFS GOLFWEAR,,2020 F/W,여,,,,,https://image.msscdn.net/images/goods_img/20210203/1774855/1774855_1_500.jpg?t=20210203132732
270,52,스포츠/용품,상의,W.ANGLE,,2021 F/W,여,,,,,https://image.msscdn.net/images/goods_img/20210909/2119020/2119020_1_500.jpg?t=20210909142900
271,52,스포츠/용품,스포츠모자,W.ANGLE,,2022 ALL,여,,,,,https://image.msscdn.net/images/goods_img/20211005/2161263/2161263_1_500.jpg?t=20211005110733
272,52,스포츠/용품,스포츠잡화,MLB GOLF,,2020 ALL,남,,,,,https://image.msscdn.net/images/goods_img/20200519/1452037/1452037_1_500.jpg?t=20200519102404
273,52,스니커즈,캔버스/단화,CONVERSE,,ALL ALL,남 여,,,,,https://image.msscdn.net/images/goods_img/20210730/2044903/2044903_1_500.jpg?t=20221011162352
274,53,상의,후드 티셔츠,APE THE GREAT&SPORT,,2022 S/S,여,,,,,https://image.msscdn.net/images/goods_img/20220307/2402140/2402140_1_500.jpg?t=20220307154508
275,53,스포츠/용품,스커트,MONBIRDIE GOLF,,2022 S/S,여,,,,,https://image.msscdn.net/images/goods_img/20220801/2692283/2692283_1_500.jpg?t=20220801211155
276,53,스포츠/용품,스포츠모자,MONBIRDIE GOLF,,2022 ALL,여,,,,,https://image.msscdn.net/images/goods_img/20220801/2692243/2692243_1_500.jpg?t=20220801202816
277,53,여성 가방,파우치 백,APE THE GREAT&SPORT,,2022 ALL,여,,,,,https://image.msscdn.net/images/goods_img/20220316/2424299/2424299_1_500.jpg?t=20220316174539
278,53,양말/레그웨어,양말,PLAYSAM,,2022 ALL,여,,,,,https://image.msscdn.net/images/goods_img/20220828/2748102/2748102_1_500.jpg?t=20220904200008
279,53,스니커즈,캔버스/단화,CONVERSE,,2022 ALL,남 여,,,,,https://image.msscdn.net/images/goods_img/20220622/2628743/2628743_1_500.jpg?t=20221005140628
280,54,스포츠/용품,스포츠잡화,MLB GOLF,,2020 ALL,남,,,,,https://image.msscdn.net/images/goods_img/20200519/1452038/1452038_1_500.jpg?t=20200519102420
281,54,스니커즈,기타 스니커즈,KAPPA,,2020 ALL,남 여,,,,,https://image.msscdn.net/images/goods_img/20201106/1680991/1680991_1_500.jpg?t=20201106151417
282,55,아우터,숏패딩/숏헤비 아우터,NATIONALGEOGRAPHIC,,2021 F/W,여,,,,,https://image.msscdn.net/images/goods_img/20210826/2090735/2090735_1_500.jpg?t=20220628163621
283,55,아우터,베스트,AIMSWING+8,,2021 F/W,여,,,,,https://image.msscdn.net/images/goods_img/20210915/2132569/2132569_1_500.jpg?t=20210915191543
284,55,상의,긴소매 티셔츠,AIMSWING+8,,2021 F/W,여,,,,,https://image.msscdn.net/images/goods_img/20210915/2133816/2133816_1_500.jpg?t=20210915200034
285,55,스커트,미니스커트,AIMSWING+8,,2021 F/W,여,,,,,https://image.msscdn.net/images/goods_img/20210915/2133522/2133522_1_500.jpg?t=20210915195252
286,55,스포츠/용품,스포츠잡화,MLB GOLF,,2020 ALL,남,,,,,https://image.msscdn.net/images/goods_img/20200519/1452038/1452038_1_500.jpg?t=20200519102420
287,55,스포츠/용품,스포츠가방,W.ANGLE,,2021 ALL,여,,,,,https://image.msscdn.net/images/goods_img/20210615/1996232/1996232_1_500.jpg?t=20210615145419
288,55,양말/레그웨어,양말,DOYOUKNOWMC,,2021 ALL,여,,,,,https://image.msscdn.net/images/goods_img/20210829/2096327/2096327_5_500.jpg?t=20221025221524
289,56,스커트,미니스커트,CLOVE,,2022 S/S,여,,,,,https://image.msscdn.net/images/goods_img/20220222/2377811/2377811_2_500.jpg?t=20220224175914
290,57,스포츠/용품,상의,C DE NOIRS,,2021 F/W,여,,,,,https://image.msscdn.net/images/goods_img/20210813/2063280/2063280_1_500.jpg?t=20210813141757
291,57,스포츠/용품,스커트,C DE NOIRS,,2021 F/W,여,,,,,https://image.msscdn.net/images/goods_img/20210830/2096991/2096991_1_500.png?t=20210830114301
292,57,스포츠/용품,스포츠가방,W.ANGLE,,2021 ALL,남,,,,,https://image.msscdn.net/images/goods_img/20211005/2161273/2161273_1_500.jpg?t=20211005111029
293,57,양말/레그웨어,양말,C DE NOIRS,,2021 ALL,여,,,,,https://image.msscdn.net/images/goods_img/20210601/1978217/1978217_1_500.png?t=20210607140833
294,57,스포츠/용품,스포츠신발,ADIDAS,,2021 S/S,남 여,,,,,https://image.msscdn.net/images/goods_img/20210525/1965698/1965698_2_500.jpg?t=20210531112732
295,58,스포츠/용품,아우터,SNOWPEAK APPAREL,,2021 F/W,남 여,,,,,https://image.msscdn.net/images/goods_img/20210902/2104775/2104775_1_500.jpg?t=20220628163807
296,58,상의,맨투맨/스웨트셔츠,DAREPLAY,,2021 F/W,남,,,,,https://image.msscdn.net/images/goods_img/20210917/2139841/2139841_1_500.jpg?t=20220921174625
297,58,바지,트레이닝/조거 팬츠,DAREPLAY,,2021 F/W,남,,,,,https://image.msscdn.net/images/goods_img/20210917/2139703/2139703_1_500.jpg?t=20210917121420
298,58,스포츠/용품,스포츠잡화,MLB GOLF,,2020 ALL,남,,,,,https://image.msscdn.net/images/goods_img/20200519/1452039/1452039_1_500.jpg?t=20200519102435
299,58,스포츠/용품,스포츠가방,KAKAO FRIENDS GOLF,,2021 ALL,라이프,,,,,https://image.msscdn.net/images/goods_img/20210824/2083392/2083392_1_500.jpg?t=20210824144807
300,58,스니커즈,패션스니커즈화,ADIDAS,,2021 S/S,남 여,,,,,https://image.msscdn.net/images/goods_img/20210527/1971239/1971239_2_500.jpg?t=20210531114937
301,59,스포츠/용품,스포츠잡화,MLB GOLF,,2020 ALL,남,,,,,https://image.msscdn.net/images/goods_img/20200519/1452029/1452029_1_500.jpg?t=20200519102223
302,59,스포츠/용품,스포츠가방,JAMIE WEST,,2021 ALL,남,,,,,https://image.msscdn.net/images/goods_img/20210324/1860971/1860971_1_500.jpg?t=20210324120523
303,59,양말/레그웨어,양말,POLO RALPH LAUREN,,ALL,여,,,,,https://image.msscdn.net/images/goods_img/20210302/1821485/1821485_2_500.jpg?t=20210323104520
304,59,스니커즈,패션스니커즈화,ADIDAS,,ALL,남 여,,,,,https://image.msscdn.net/images/goods_img/20170615/577636/577636_5_500.jpg?t=20220630104155
305,60,스포츠/용품,상의,DOYOUKNOWMC,,2022 S/S,여,,,,,https://image.msscdn.net/images/goods_img/20220324/2441745/2441745_3_500.jpg?t=20220422125327
306,60,스포츠/용품,스커트,DOYOUKNOWMC,,2022 S/S,여,,,,,https://image.msscdn.net/images/goods_img/20220317/2427876/2427876_7_500.jpg?t=20220922164714
307,60,스포츠/용품,스포츠잡화,MEASPHERA,,2021 ALL,남,,,,,https://image.msscdn.net/images/goods_img/20210225/1814553/1814553_2_500.jpg?t=20210518095404
308,60,양말/레그웨어,양말,ADIDAS,,2021 S/S,남 여,,,,,https://image.msscdn.net/images/goods_img/20210607/1985443/1985443_1_500.jpg?t=20210616173629
309,60,여성 가방,크로스백,MARJE,,2022 ALL,여,,,,,https://image.msscdn.net/images/goods_img/20220223/2379956/2379956_1_500.jpg?t=20220223155816
310,60,스포츠/용품,스포츠신발,MU SPORTS,,2022 ALL,여,,,,,https://image.msscdn.net/images/goods_img/20220427/2518092/2518092_1_500.jpg?t=20220427154500
311,61,스포츠/용품,아우터,MUSINSA STANDARD,,2022 S/S,남,,,,,https://image.msscdn.net/images/goods_img/20220317/2425224/2425224_2_500.jpg?t=20220708085633
312,61,스포츠/용품,상의,MUSINSA STANDARD,,2022 S/S,남,,,,,https://image.msscdn.net/images/goods_img/20220328/2447770/2447770_2_500.jpg?t=20220708135219
313,61,스포츠/용품,하의,MUSINSA STANDARD,,2022 S/S,남,,,,,https://image.msscdn.net/images/goods_img/20220520/2573567/2573567_1_500.jpg?t=20220708110819
314,61,스포츠/용품,스포츠모자,MU SPORTS,,2022 ALL,남,,,,,https://image.msscdn.net/images/goods_img/20220512/2555719/2555719_1_500.jpg?t=20220512161015
315,61,스포츠/용품,스포츠잡화,MU SPORTS,,2022 ALL,남,,,,,https://image.msscdn.net/images/goods_img/20220322/2437850/2437850_1_500.jpg?t=20220323102641
316,61,액세서리,벨트,MUSINSA STANDARD,,2022 S/S,남 여,,,,,https://image.msscdn.net/images/goods_img/20220621/2625575/2625575_1_500.jpg?t=20220707135433
317,61,스포츠/용품,스포츠가방,W.ANGLE,,2022 ALL,여,,,,,https://image.msscdn.net/images/goods_img/20220214/2358621/2358621_1_500.jpg?t=20220214162302
318,62,원피스,미니 원피스,KUME,,2022 S/S,여,,,,,https://image.msscdn.net/images/goods_img/20220227/2387299/2387299_1_500.jpg?t=20220227093236
319,62,아우터,나일론/코치 재킷,ENZO BLUES,,2022 S/S,여,,,,,https://image.msscdn.net/images/goods_img/20220217/2369160/2369160_1_500.jpg?t=20220303140557
320,62,스포츠/용품,스포츠잡화,MARTINE GOLF,,2022 ALL,여,,,,,https://image.msscdn.net/images/goods_img/20220225/2385454/2385454_5_500.jpg?t=20220225143040
321,62,양말/레그웨어,양말,CLOVE,,2020 ALL,여,,,,,https://image.msscdn.net/images/goods_img/20201008/1641661/1641661_3_500.jpg?t=20210929163947
322,62,여성 가방,파우치 백,PONYTAIL TOUR GIRL,,2022 ALL,여,,,,,https://image.msscdn.net/images/goods_img/20220310/2409465/2409465_1_500.jpg?t=20220314132622
323,62,스포츠/용품,스포츠신발,CAMPER GOLF,,2022 ALL,여,,,,,https://image.msscdn.net/images/goods_img/20220304/2397712/2397712_1_500.jpg?t=20220304124831
324,63,아우터,패딩 베스트,PLAMM,,2021 F/W,여,,,,,https://image.msscdn.net/images/goods_img/20211027/2200332/2200332_1_500.jpg?t=20211027104521
325,63,스포츠/용품,아우터,MARJE,,2021 F/W,여,,,,,https://image.msscdn.net/images/goods_img/20211229/2285612/2285612_2_500.jpg?t=20211229134247
326,63,스포츠/용품,스커트,MARJE,,2021 F/W,여,,,,,https://image.msscdn.net/images/goods_img/20211229/2285601/2285601_1_500.jpg?t=20211229132359
327,63,스포츠/용품,스포츠잡화,MLB GOLF,,2020 ALL,남,,,,,https://image.msscdn.net/images/goods_img/20200519/1452029/1452029_1_500.jpg?t=20200519102223
328,63,양말/레그웨어,양말,CLOVE,,2021 ALL,여,,,,,https://image.msscdn.net/images/goods_img/20210929/2152965/2152965_2_500.jpg?t=20210929153457
329,63,여성 가방,토트백,CLOVE,,2021 ALL,여,,,,,https://image.msscdn.net/images/goods_img/20211202/2254962/2254962_1_500.jpg?t=20211202113303
330,63,스포츠/용품,스포츠신발,ADIDAS,,2020 F/W,남 여,,,,,https://image.msscdn.net/images/goods_img/20200909/1593830/1593830_1_500.jpg?t=20200911151318
331,64,스포츠/용품,상의,MALBON GOLF,,2021,남,,,,,https://image.msscdn.net/images/goods_img/20220125/2327915/2327915_1_500.jpg?t=20220125171756
332,64,스포츠/용품,하의,MALBON GOLF,,2022 S/S,남,,,,,https://image.msscdn.net/images/goods_img/20220105/2293077/2293077_1_500.jpg?t=20220105110127
333,64,스포츠/용품,스포츠모자,W.ANGLE,,2022 S/S,남,,,,,https://image.msscdn.net/images/goods_img/20220214/2358549/2358549_1_500.jpg?t=20220214161530
334,64,스포츠/용품,스포츠잡화,PGA TOUR EYEWEAR,,2021 ALL,남,,,,,https://image.msscdn.net/images/goods_img/20211201/2253681/2253681_2_500.jpg?t=20211201173938
335,64,스포츠/용품,스포츠잡화,W.ANGLE,,2022 ALL,남,,,,,https://image.msscdn.net/images/goods_img/20220214/2358657/2358657_1_500.jpg?t=20220214162604
336,64,스포츠/용품,스포츠가방,MEASPHERA,,2021 ALL,라이프,,,,,https://image.msscdn.net/images/goods_img/20210223/1809777/1809777_1_500.png?t=20210225195205
337,64,스니커즈,캔버스/단화,LABELOGUE,,2021 ALL,남,,,,,https://image.msscdn.net/images/goods_img/20210330/1871500/1871500_1_500.jpg?t=20210330190720
338,65,상의,니트/스웨터,NONLOCAL,,2020 F/W,여,,,,,https://image.msscdn.net/images/goods_img/20200910/1594167/1594167_2_500.jpg?t=20220324141506
339,65,상의,니트/스웨터,LACOSTE,,2020 F/W,여,,,,,https://image.msscdn.net/images/goods_img/20200907/1586927/1586927_3_500.jpg?t=20201013110352
340,65,스커트,미니스커트,ADIDAS,,2020 F/W,여,,,,,https://image.msscdn.net/images/goods_img/20200922/1616299/1616299_1_500.jpg?t=20200929122458
341,65,스포츠/용품,스포츠잡화,MLB GOLF,,2020 ALL,남,,,,,https://image.msscdn.net/images/goods_img/20200519/1452037/1452037_1_500.jpg?t=20200519102404
342,65,스니커즈,캔버스/단화,MONGTANA,,0,남 여,,,,,https://image.msscdn.net/images/goods_img/20190822/1125689/1125689_3_500.jpg?t=20190829105920
343,66,스포츠/용품,스포츠잡화,IAN POULTER DESIGN,,2021 ALL,남,,,,,https://image.msscdn.net/images/goods_img/20210902/2104367/2104367_2_500.jpg?t=20220531161024
344,66,스포츠/용품,스포츠신발,IAN POULTER DESIGN,,2022 ALL,남,,,,,https://image.msscdn.net/images/goods_img/20220303/2395222/2395222_2_500.jpg?t=20220531163052
345,67,스포츠/용품,아우터,MARJE,,2021 F/W,여,,,,,https://image.msscdn.net/images/goods_img/20211229/2285609/2285609_1_500.jpg?t=20211229133949
346,67,스포츠/용품,상의,FILA GOLF,,2021 F/W,여,,,,,https://image.msscdn.net/images/goods_img/20210929/2152001/2152001_2_500.jpg?t=20210929101121
347,67,스포츠/용품,스커트,FAIRLIAR,,2021 F/W,여,,,,,https://image.msscdn.net/images/goods_img/20211224/2282114/2282114_3_500.jpg?t=20220628165609
348,67,스포츠/용품,스포츠잡화,MLB GOLF,,2020 ALL,남,,,,,https://image.msscdn.net/images/goods_img/20200519/1452037/1452037_1_500.jpg?t=20200519102404
349,67,스니커즈,기타 스니커즈,AKIIICLASSIC,,2022 ALL,남 여,,,,,https://image.msscdn.net/images/goods_img/20220121/2319441/2319441_2_500.jpg?t=20220124085637
350,68,스커트,미니스커트,5252BYOIOI,,2021 S/S,여,,,,,https://image.msscdn.net/images/goods_img/20210128/1768072/1768072_1_500.png?t=20210209175055
351,68,양말/레그웨어,양말,MUSINSA STANDARD,,0,여,,,,,https://image.msscdn.net/images/goods_img/20191231/1260394/1260394_4_500.jpg?t=20210303104404
352,68,신발,구두,DA:EL,,2021 ALL,여,,,,,https://image.msscdn.net/images/goods_img/20210121/1758142/1758142_1_500.jpg?t=20210121185540
353,69,스포츠/용품,아우터,PLAYBOO,,2021 F/W,여,,,,,https://image.msscdn.net/images/goods_img/20211102/2211976/2211976_1_500.jpg?t=20211102155910
354,69,바지,기타 바지,CITE DE CITE,,2022 S/S,여,,,,,https://image.msscdn.net/images/goods_img/20220217/2368675/2368675_1_500.jpg?t=20220628170124
355,69,스포츠/용품,스포츠잡화,W.ANGLE,,2021 ALL,여,,,,,https://image.msscdn.net/images/goods_img/20220214/2358708/2358708_1_500.jpg?t=20220214163036
356,69,스포츠/용품,스포츠가방,W.ANGLE,,2022 ALL,여,,,,,https://image.msscdn.net/images/goods_img/20220225/2385823/2385823_1_500.jpg?t=20220225135700
357,69,양말/레그웨어,양말,BLUE JAINER CLUB,,2021 ALL,여,,,,,https://image.msscdn.net/images/goods_img/20210928/2151769/2151769_1_500.jpg?t=20210928205001
358,69,스니커즈,기타 스니커즈,MLB,,2022 ALL,남 여,,,,,https://image.msscdn.net/images/goods_img/20220117/2311096/2311096_2_500.jpg?t=20220117165720
359,70,스포츠/용품,상의,C DE NOIRS,,2021 F/W,남,,,,,https://image.msscdn.net/images/goods_img/20211123/2244452/2244452_2_500.jpg?t=20211213112855
360,70,스포츠/용품,하의,GLENMUIR,,2021 S/S,남,,,,,https://image.msscdn.net/images/goods_img/20210714/2028988/2028988_1_500.jpg?t=20210714132149
361,70,스포츠/용품,스포츠가방,CHALLENGER,,2021 ALL,남,,,,,https://image.msscdn.net/images/goods_img/20211101/2208884/2208884_1_500.jpg?t=20211101140743
362,70,스포츠/용품,스포츠신발,OVERDOZ,,2021 ALL,남 여,,,,,https://image.msscdn.net/images/goods_img/20210428/1924983/1924983_6_500.jpg?t=20210428120718
363,71,스포츠/용품,아우터,MALBON GOLF,,2022 S/S,남,,,,,https://image.msscdn.net/images/goods_img/20220114/2307791/2307791_1_500.jpg?t=20220114110810
364,71,스포츠/용품,상의,MALBON GOLF,,2021,남,,,,,https://image.msscdn.net/images/goods_img/20220125/2327917/2327917_1_500.jpg?t=20220125171811
365,71,스포츠/용품,하의,MALBON GOLF,,2022 S/S,남,,,,,https://image.msscdn.net/images/goods_img/20220106/2296176/2296176_1_500.jpg?t=20220106181600
366,71,스포츠/용품,스포츠모자,MALBON GOLF,,2021 ALL,남 여,,,,,https://image.msscdn.net/images/goods_img/20211209/2264079/2264079_1_500.jpg?t=20211209162540
367,71,스포츠/용품,스포츠잡화,ROSA.K,,2021 ALL,남,,,,,https://image.msscdn.net/images/goods_img/20211124/2246113/2246113_1_500.jpg?t=20211124114315
368,71,양말/레그웨어,양말,MALBON GOLF,,2022 ALL,남 여,,,,,https://image.msscdn.net/images/goods_img/20211230/2287174/2287174_1_500.jpg?t=20211230171920
369,71,스포츠/용품,스포츠가방,PERSIANCAT GOLF,,2021 ALL,라이프,,,,,https://image.msscdn.net/images/goods_img/20210624/2008557/2008557_1_500.jpg?t=20210628155033
370,71,스니커즈,패션스니커즈화,BALLOP,,2021 ALL,남,,,,,https://image.msscdn.net/images/goods_img/20210914/2131317/2131317_1_500.jpg?t=20210914175920
371,72,스포츠/용품,아우터,PLAYBOO,,2021 F/W,여,,,,,https://image.msscdn.net/images/goods_img/20211102/2212827/2212827_1_500.jpg?t=20211102172958
372,72,스포츠/용품,스포츠모자,PLAYBOO,,2021 ALL,여,,,,,https://image.msscdn.net/images/goods_img/20211102/2211567/2211567_1_500.jpg?t=20211102144309
373,72,스포츠/용품,스포츠잡화,RAINMAKER,,2021 ALL,여,,,,,https://image.msscdn.net/images/goods_img/20210428/1926462/1926462_1_500.jpg?t=20210428173225
374,72,양말/레그웨어,양말,REXY,,2020 ALL,여,,,,,https://image.msscdn.net/images/goods_img/20200211/1300796/1300796_1_500.jpg?t=20220628151805
375,72,스니커즈,기타 스니커즈,MIX MCCOY,,2021 ALL,남 여,,,,,https://image.msscdn.net/images/goods_img/20211005/2162080/2162080_1_500.jpg?t=20211005142019
376,73,스포츠/용품,아우터,FRIDAY NIGHT GOLF CLUB,,2021 F/W,남,,,,,https://image.msscdn.net/images/goods_img/20211008/2168670/2168670_1_500.jpg?t=20211012094548
377,73,스포츠/용품,상의,MALBON GOLF,,2021 F/W,남,,,,,https://image.msscdn.net/images/goods_img/20211021/2193084/2193084_1_500.jpg?t=20211021190806
378,73,스포츠/용품,하의,MALBON GOLF,,2021 F/W,남,,,,,https://image.msscdn.net/images/goods_img/20211028/2205960/2205960_1_500.jpg?t=20211028191905
379,73,스포츠/용품,스포츠모자,FRIDAY NIGHT GOLF CLUB,,2021 ALL,남,,,,,https://image.msscdn.net/images/goods_img/20211008/2168660/2168660_1_500.jpg?t=20211012093202
380,73,스포츠/용품,스포츠잡화,MLB GOLF,,2020 ALL,남,,,,,https://image.msscdn.net/images/goods_img/20200519/1452035/1452035_1_500.jpg?t=20200519102335
381,73,스니커즈,패션스니커즈화,ADIDAS,,ALL,남 여,,,,,https://image.msscdn.net/images/goods_img/20170615/577636/577636_5_500.jpg?t=20220630104155
382,74,스포츠/용품,아우터,CHALLENGER,,2022 S/S,남,,,,,https://image.msscdn.net/images/goods_img/20220223/2380078/2380078_1_500.jpg?t=20220223145608
383,74,스포츠/용품,스포츠가방,CHALLENGER,,2021 ALL,남,,,,,https://image.msscdn.net/images/goods_img/20211101/2208885/2208885_1_500.jpg?t=20211101140757
384,74,스포츠/용품,스포츠신발,OVERDOZ,,2021 ALL,남 여,,,,,https://image.msscdn.net/images/goods_img/20210428/1924995/1924995_5_500.jpg?t=20210428121137
385,75,아우터,트러커 재킷,TRILLION,,2021 F/W,남,,,,,https://image.msscdn.net/images/goods_img/20210917/2140245/2140245_1_500.jpg?t=20210917140630
386,75,스포츠/용품,스포츠잡화,MALBON GOLF,,2021 ALL,남,,,,,https://image.msscdn.net/images/goods_img/20211105/2220979/2220979_1_500.jpg?t=20211105185815
387,75,스포츠/용품,스포츠가방,MALBON GOLF,,2021 ALL,남 여,,,,,https://image.msscdn.net/images/goods_img/20210914/2131511/2131511_1_500.jpg?t=20210914183828
388,75,스포츠/용품,스포츠신발,AVVES GOLF,,2021 ALL,남 여,,,,,https://image.msscdn.net/images/goods_img/20210526/1968364/1968364_1_500.jpg?t=20210526135420
389,76,상의,셔츠/블라우스,MUSINSA STANDARD,,0,남,,,,,https://image.msscdn.net/images/goods_img/20200722/1523634/1523634_1_500.jpg?t=20200805144436
390,76,스포츠/용품,하의,GLENMUIR,,2021 S/S,남,,,,,https://image.msscdn.net/images/goods_img/20210714/2028988/2028988_1_500.jpg?t=20210714132149
391,76,스포츠/용품,스포츠잡화,WHITEBALL,,2021 ALL,남,,,,,https://image.msscdn.net/images/goods_img/20211019/2187291/2187291_1_500.jpg?t=20211019171033
392,76,스니커즈,캔버스/단화,ELCANTO,,2021 ALL,남,,,,,https://image.msscdn.net/images/goods_img/20211117/2236450/2236450_1_500.jpg?t=20211117095044
393,77,스포츠/용품,상의,MALBON GOLF,,2022 S/S,남,,,,,https://image.msscdn.net/images/goods_img/20220419/2500875/2500875_1_500.jpg?t=20220419181959
394,77,스포츠/용품,하의,BEANPOLE GOLF,,2022 S/S,남,,,,,https://image.msscdn.net/images/goods_img/20220407/2472802/2472802_1_500.jpg?t=20220407122704
395,77,스포츠/용품,스포츠잡화,ROYAL ALBARTROSS,,2022 ALL,남,,,,,https://image.msscdn.net/images/goods_img/20220104/2290704/2290704_1_500.jpg?t=20220104114155
396,77,스포츠/용품,스포츠가방,MALBON GOLF,,2021 ALL,남 여,,,,,https://image.msscdn.net/images/goods_img/20210914/2131512/2131512_1_500.jpg?t=20210914183837
397,78,스포츠/용품,상의,ZENIPION,,2022 S/S,여,,,,,https://image.msscdn.net/images/goods_img/20220427/2520337/2520337_2_500.jpg?t=20220429163200
398,78,바지,숏 팬츠,MARDI MERCREDI ACTIF,,2022 S/S,여,,,,,https://image.msscdn.net/images/goods_img/20220420/2504378/2504378_3_500.jpg?t=20220905145009
399,78,스포츠/용품,스포츠잡화,MLB GOLF,,2020 ALL,남,,,,,https://image.msscdn.net/images/goods_img/20200519/1452037/1452037_1_500.jpg?t=20200519102404
400,78,여성 가방,토트백,HEUREUX,,2022 ALL,여,,,,,https://image.msscdn.net/images/goods_img/20220526/2585072/2585072_1_500.jpg?t=20220526155224
401,79,상의,맨투맨/스웨트셔츠,LACOSTE,,2020 F/W,남,,,,,https://image.msscdn.net/images/goods_img/20200907/1586733/1586733_3_500.jpg?t=20201013105648
402,79,모자,기타 모자,OUTDOOR RESEARCH,,2020 ALL,남,,,,,https://image.msscdn.net/images/goods_img/20200318/1355972/1355972_2_500.jpg?t=20220908180539
403,79,시계,쿼츠 아날로그,ST.SCOTT LONDON,,2020 ALL,남,,,,,https://image.msscdn.net/images/goods_img/20200806/1538617/1538617_1_500.jpg?t=20200806103248
404,79,액세서리,장갑,OUTDOOR RESEARCH,,2020 ALL,남,,,,,https://image.msscdn.net/images/goods_img/20200318/1355932/1355932_2_500.jpg?t=20220907143326
405,79,스니커즈,캔버스/단화,LACOSTE,,2020 ALL,남,,,,,https://image.msscdn.net/images/goods_img/20200915/1602530/1602530_2_500.jpg?t=20201013111412
406,80,아우터,플리스/뽀글이,NATIONALGEOGRAPHIC,,2021 F/W,여,,,,,https://image.msscdn.net/images/goods_img/20210928/2149271/2149271_4_500.jpg?t=20220628165133
407,80,스포츠/용품,아우터,BLUDOT,,2021 F/W,여,,,,,https://image.msscdn.net/images/goods_img/20211206/2258458/2258458_4_500.jpg?t=20220321140237
408,80,상의,긴소매 티셔츠,AIMSWING+8,,2021 F/W,여,,,,,https://image.msscdn.net/images/goods_img/20211110/2224891/2224891_2_500.jpg?t=20211126155027
409,80,스포츠/용품,스커트,BLUDOT,,2021 F/W,여,,,,,https://image.msscdn.net/images/goods_img/20211117/2238383/2238383_1_500.jpg?t=20220908134557
410,80,스포츠/용품,스포츠모자,W.ANGLE,,2021 ALL,여,,,,,https://image.msscdn.net/images/goods_img/20211108/2221933/2221933_1_500.jpg?t=20211108141831
411,80,스포츠/용품,스포츠잡화,ROSA.K,,2021 ALL,여,,,,,https://image.msscdn.net/images/goods_img/20211124/2245911/2245911_1_500.jpg?t=20211124104256
412,80,양말/레그웨어,양말,KUME,,2021 ALL,여,,,,,https://image.msscdn.net/images/goods_img/20210915/2132830/2132830_1_500.jpg?t=20210915142200
413,80,여성 가방,토트백,KUME,,2021 ALL,여,,,,,https://image.msscdn.net/images/goods_img/20210629/2012799/2012799_1_500.jpg?t=20210629140341
414,80,스포츠/용품,스포츠신발,ASICS GOLF,,2021 F/W,남,,,,,https://image.msscdn.net/images/goods_img/20210630/2013928/2013928_1_500.jpg?t=20210720182329
415,81,아우터,스타디움 재킷,STHU,,2021 F/W,여,,,,,https://image.msscdn.net/images/goods_img/20210830/2099023/2099023_3_500.jpg?t=20210927224906
416,81,스포츠/용품,상의,C DE NOIRS,,2021 S/S,여,,,,,https://image.msscdn.net/images/goods_img/20210813/2063035/2063035_1_500.jpg?t=20210813133824
417,81,스포츠/용품,스커트,C DE NOIRS,,2021 F/W,여,,,,,https://image.msscdn.net/images/goods_img/20210830/2096991/2096991_1_500.png?t=20210830114301
418,81,스포츠/용품,스포츠모자,C DE NOIRS,,2021 ALL,여,,,,,https://image.msscdn.net/images/goods_img/20210705/2019787/2019787_1_500.jpg?t=20210705162746
419,81,양말/레그웨어,양말,C DE NOIRS,,2021 ALL,여,,,,,https://image.msscdn.net/images/goods_img/20210601/1978217/1978217_1_500.png?t=20210607140833
420,81,스포츠/용품,스포츠가방,W.ANGLE,,2021 ALL,여,,,,,https://image.msscdn.net/images/goods_img/20211005/2161357/2161357_1_500.jpg?t=20211005113210
421,81,스니커즈,캔버스/단화,DR.MARTENS,,ALL,남 여,,,,,https://image.msscdn.net/images/goods_img/20190809/1115031/1115031_3_500.jpg?t=20220609161337
422,82,아우터,스타디움 재킷,APIECEOFCAKE,,2021 F/W,남 여,,,,,https://image.msscdn.net/images/goods_img/20211006/2164778/2164778_1_500.jpg?t=20211007183733
423,82,스포츠/용품,상의,CELLTY,,2021 F/W,여,,,,,https://image.msscdn.net/images/goods_img/20210916/2138203/2138203_1_500.jpg?t=20210921215951
424,82,스포츠/용품,스커트,CELLTY,,2021 F/W,여,,,,,https://image.msscdn.net/images/goods_img/20210916/2138327/2138327_1_500.png?t=20210921220801
425,82,스포츠/용품,스포츠모자,MARTINE GOLF,,2021 ALL,여,,,,,https://image.msscdn.net/images/goods_img/20210928/2150430/2150430_4_500.jpg?t=20211005181937
426,82,스포츠/용품,스포츠잡화,MLB GOLF,,2020 ALL,남,,,,,https://image.msscdn.net/images/goods_img/20200519/1452038/1452038_1_500.jpg?t=20200519102420
427,82,스포츠/용품,스포츠신발,MARTINE GOLF,,2021 ALL,여,,,,,https://image.msscdn.net/images/goods_img/20210928/2150423/2150423_5_500.jpg?t=20211005182031
428,83,상의,기타 상의,CITE DE CITE,,2022 S/S,여,,,,,https://image.msscdn.net/images/goods_img/20220221/2374562/2374562_1_500.jpg?t=20220628170148
429,83,스포츠/용품,스커트,J.JANE,,2021 F/W,여,,,,,https://image.msscdn.net/images/goods_img/20211029/2207156/2207156_1_500.jpg?t=20211029151329
430,83,스포츠/용품,스포츠잡화,W.ANGLE,,2021 ALL,여,,,,,https://image.msscdn.net/images/goods_img/20220214/2358711/2358711_1_500.jpg?t=20220214163056
431,83,여성 가방,토트백,CITE DE CITE,,2022 ALL,여,,,,,https://image.msscdn.net/images/goods_img/20220221/2374793/2374793_1_500.jpg?t=20220628170148
432,84,아우터,플리스/뽀글이,ALPHA INDUSTRIES,,0,여,,,,,https://image.msscdn.net/images/goods_img/20200911/1596980/1596980_2_500.jpg?t=20211216143341
433,84,스포츠/용품,상의,CREVE9,,2021 F/W,여,,,,,https://image.msscdn.net/images/goods_img/20211202/2255334/2255334_1_500.jpg?t=20211202145308
434,84,스포츠/용품,스커트,CREVE9,,2021 F/W,여,,,,,https://image.msscdn.net/images/goods_img/20211013/2175396/2175396_1_500.jpg?t=20211013152704
435,84,스포츠/용품,스포츠잡화,ROSA.K,,2021 ALL,여,,,,,https://image.msscdn.net/images/goods_img/20211124/2245912/2245912_1_500.jpg?t=20211124104303
436,84,스포츠/용품,스포츠가방,CREVE9,,2021 ALL,여,,,,,https://image.msscdn.net/images/goods_img/20210707/2022353/2022353_1_500.jpg?t=20210707161312
437,84,스니커즈,캔버스/단화,POSEGANCH,,2021 ALL,남 여,,,,,https://image.msscdn.net/images/goods_img/20211119/2242062/2242062_1_500.jpg?t=20211124132840
438,85,아우터,사파리/헌팅 재킷,BARBOUR,,2020 F/W,남,,,,,https://image.msscdn.net/images/goods_img/20200806/1538523/1538523_2_500.jpg?t=20200914170338
439,85,스포츠/용품,상의,GLENMUIR,,2020 S/S,남,,,,,https://image.msscdn.net/images/goods_img/20210720/2034737/2034737_1_500.jpg?t=20210720132701
440,85,상의,셔츠/블라우스,MUSINSA STANDARD,,0,남,,,,,https://image.msscdn.net/images/goods_img/20180910/854337/854337_3_500.jpg?t=20190423131959
441,85,스포츠/용품,하의,GLENMUIR,,2021 S/S,남,,,,,https://image.msscdn.net/images/goods_img/20210714/2029040/2029040_1_500.jpg?t=20210714135236
442,85,스포츠/용품,스포츠잡화,GLENMUIR,,2021 ALL,남,,,,,https://image.msscdn.net/images/goods_img/20210714/2029727/2029727_1_500.jpg?t=20210714184006
443,85,스포츠/용품,스포츠신발,OVERDOZ,,2021 ALL,남 여,,,,,https://image.msscdn.net/images/goods_img/20210428/1924999/1924999_6_500.jpg?t=20210428121723
444,86,스포츠/용품,아우터,CHAMPION GOLF,,2021 F/W,남,,,,,https://image.msscdn.net/images/goods_img/20211018/2182666/2182666_1_500.jpg?t=20211018095535
445,86,상의,셔츠/블라우스,MARJI HOUSE,,2021 F/W,남,,,,,https://image.msscdn.net/images/goods_img/20211019/2184862/2184862_1_500.jpg?t=20211019002451
446,86,스포츠/용품,하의,CHAMPION GOLF,,2021 F/W,남,,,,,https://image.msscdn.net/images/goods_img/20211006/2164973/2164973_2_500.jpg?t=20211018103247
447,86,스니커즈,캔버스/단화,CLAYONG,,0,남 여,,,,,https://image.msscdn.net/images/goods_img/20200325/1367805/1367805_1_500.jpg?t=20200325154052
448,87,스포츠/용품,상의,MCKAYSON,,2022 S/S,남,,,,,https://image.msscdn.net/images/goods_img/20220511/2552212/2552212_1_500.jpg?t=20220511153347
449,87,스포츠/용품,하의,MCKAYSON,,2022 S/S,남,,,,,https://image.msscdn.net/images/goods_img/20220222/2378301/2378301_1_500.jpg?t=20220222183514
450,87,스포츠/용품,기구/용품/장비,GOLFBUDDY,,2021 ALL,라이프,,,,,https://image.msscdn.net/images/goods_img/20220502/2533246/2533246_1_500.jpg?t=20220502103808
451,87,스포츠/용품,기구/용품/장비,GOLFBUDDY,,2020 ALL,라이프,,,,,https://image.msscdn.net/images/goods_img/20220502/2533254/2533254_1_500.jpg?t=20220502104144
452,87,스포츠/용품,스포츠가방,MALBON GOLF,,2021 ALL,남 여,,,,,https://image.msscdn.net/images/goods_img/20210914/2131512/2131512_1_500.jpg?t=20210914183837
453,87,스포츠/용품,스포츠신발,CAMPER GOLF,,2022 ALL,남,,,,,https://image.msscdn.net/images/goods_img/20220304/2397731/2397731_1_500.jpg?t=20220304125431
454,88,아우터,카디건,TARGETTO,,2021 F/W,여,,,,,https://image.msscdn.net/images/goods_img/20210810/2055857/2055857_2_500.jpg?t=20210825182303
455,88,양말/레그웨어,양말,REXY,,2020 ALL,여,,,,,https://image.msscdn.net/images/goods_img/20200211/1300822/1300822_1_500.jpg?t=20220628151805
456,89,스포츠/용품,아우터,CELLTY,,2021 F/W,여,,,,,https://image.msscdn.net/images/goods_img/20210916/2138414/2138414_1_500.png?t=20210921221930
457,89,스포츠/용품,스커트,CELLTY,,2021 F/W,여,,,,,https://image.msscdn.net/images/goods_img/20210916/2138357/2138357_1_500.png?t=20210921221014
458,89,스포츠/용품,스포츠잡화,MLB GOLF,,2020 ALL,남,,,,,https://image.msscdn.net/images/goods_img/20200519/1452029/1452029_1_500.jpg?t=20200519102223
459,90,모자,캡/야구 모자,CLOVE,,2020 ALL,여,,,,,https://image.msscdn.net/images/goods_img/20200406/1386664/1386664_2_500.jpg?t=20210929153239
460,90,스포츠/용품,스포츠가방,ARVV,,2019 ALL,남,,,,,https://image.msscdn.net/images/goods_img/20191211/1249092/1249092_1_500.jpg?t=20220628151340
461,90,스포츠/용품,스포츠잡화,MLB GOLF,,2020 ALL,남,,,,,https://image.msscdn.net/images/goods_img/20200519/1452037/1452037_1_500.jpg?t=20200519102404
462,90,양말/레그웨어,양말,REXY,,2020 ALL,여,,,,,https://image.msscdn.net/images/goods_img/20200211/1300754/1300754_1_500.jpg?t=20220628151804
463,90,스니커즈,캔버스/단화,MONGTANA,,0,남 여,,,,,https://image.msscdn.net/images/goods_img/20180726/820592/820592_3_500.jpg?t=20190321150017
464,91,스포츠/용품,아우터,MALBON GOLF,,2022 S/S,여,,,,,https://image.msscdn.net/images/goods_img/20220209/2349823/2349823_1_500.jpg?t=20220209150354
465,91,스포츠/용품,상의,MARJE,,2022 S/S,여,,,,,https://image.msscdn.net/images/goods_img/20220223/2379976/2379976_1_500.jpg?t=20220308132908
466,91,스포츠/용품,스커트,MARJE,,2022 S/S,여,,,,,https://image.msscdn.net/images/goods_img/20220223/2379944/2379944_2_500.jpg?t=20220307143732
467,91,모자,캡/야구 모자,MARJE,,2022 ALL,여,,,,,https://image.msscdn.net/images/goods_img/20220223/2379980/2379980_2_500.jpg?t=20220404144602
468,91,스포츠/용품,스포츠잡화,WHITEBALL,,2021 ALL,여,,,,,https://image.msscdn.net/images/goods_img/20211019/2187278/2187278_1_500.jpg?t=20211019170814
469,91,양말/레그웨어,양말,REXY,,2019 ALL,남,,,,,https://image.msscdn.net/images/goods_img/20190823/1126723/1126723_1_500.jpg?t=20220628150305
470,91,가방,토트백,MALBON GOLF,,2021 ALL,남 여,,,,,https://image.msscdn.net/images/goods_img/20211201/2253840/2253840_1_500.jpg?t=20211201114224
471,92,스포츠/용품,아우터,CLEVELAND GOLF,,2021 F/W,남,,,,,https://image.msscdn.net/images/goods_img/20211026/2197105/2197105_1_500.jpg?t=20211026095120
472,92,스포츠/용품,아우터,CELUI HURU,,2021 F/W,남,,,,,https://image.msscdn.net/images/goods_img/20211006/2164701/2164701_4_500.jpg?t=20220628164623
473,92,스포츠/용품,상의,MALBON GOLF,,2021 F/W,남 여,,,,,https://image.msscdn.net/images/goods_img/20210902/2107069/2107069_1_500.jpg?t=20210902212734
474,92,스포츠/용품,스포츠신발,OVERDOZ,,2021 ALL,남 여,,,,,https://image.msscdn.net/images/goods_img/20210428/1924926/1924926_6_500.jpg?t=20210428114856
475,93,스포츠/용품,스포츠가방,ARVV,,2019 ALL,남,,,,,https://image.msscdn.net/images/goods_img/20191211/1249099/1249099_1_500.jpg?t=20220628151340
476,93,스포츠/용품,스포츠잡화,MLB GOLF,,2020 ALL,남,,,,,https://image.msscdn.net/images/goods_img/20200519/1452033/1452033_1_500.jpg?t=20200519102306
477,93,스니커즈,패션스니커즈화,PEMONT,,0,남,,,,,https://image.msscdn.net/images/goods_img/20180211/714368/714368_2_500.jpg?t=20180212122136
478,94,스포츠/용품,상의,GLENMUIR,,2021 F/W,남,,,,,https://image.msscdn.net/images/goods_img/20210902/2106131/2106131_1_500.jpg?t=20210902160249
479,94,스포츠/용품,하의,GLENMUIR,,2021 S/S,남,,,,,https://image.msscdn.net/images/goods_img/20210714/2029040/2029040_1_500.jpg?t=20210714135236
480,94,스포츠/용품,스포츠잡화,MALBON GOLF,,2021 ALL,남 여,,,,,https://image.msscdn.net/images/goods_img/20211105/2220978/2220978_1_500.jpg?t=20211105185807
481,94,액세서리,벨트,ANTOMARS,,2021 ALL,남,,,,,https://image.msscdn.net/images/goods_img/20210729/2043370/2043370_1_500.jpg?t=20210729001931
482,94,스포츠/용품,스포츠가방,CHALLENGER,,2021 ALL,남,,,,,https://image.msscdn.net/images/goods_img/20211124/2245804/2245804_2_500.jpg?t=20211124092644
483,94,스포츠/용품,스포츠신발,OVERDOZ,,2021 ALL,남 여,,,,,https://image.msscdn.net/images/goods_img/20210427/1922952/1922952_1_500.jpg?t=20210427153337
484,95,아우터,기타 아우터,CITE DE CITE,,2022 S/S,여,,,,,https://image.msscdn.net/images/goods_img/20220221/2374768/2374768_1_500.jpg?t=20220628170148
485,95,바지,기타 바지,CITE DE CITE,,2022 S/S,여,,,,,https://image.msscdn.net/images/goods_img/20220217/2368689/2368689_1_500.jpg?t=20220628170124
486,95,스포츠/용품,스포츠모자,PONYTAIL TOUR GIRL,,2022 ALL,여,,,,,https://image.msscdn.net/images/goods_img/20220310/2409493/2409493_1_500.jpg?t=20220314101812
487,95,여성 가방,토트백,CITE DE CITE,,2021 ALL,여,,,,,https://image.msscdn.net/images/goods_img/20211019/2186084/2186084_2_500.jpg?t=20211025131710
488,95,스니커즈,캔버스/단화,SHOOPEN,,2021 ALL,남 여,,,,,https://image.msscdn.net/images/goods_img/20211020/2188359/2188359_7_500.jpg?t=20211119125002
489,96,스포츠/용품,상의,BEANPOLE GOLF,,2021 F/W,남,,,,,https://image.msscdn.net/images/goods_img/20210923/2142293/2142293_1_500.jpg?t=20210923124744
490,96,스포츠/용품,스포츠잡화,BLUDOT,,2021 ALL,남,,,,,https://image.msscdn.net/images/goods_img/20211118/2240518/2240518_2_500.jpg?t=20220317183823
491,96,액세서리,벨트,CRISION,,2021 ALL,남,,,,,https://image.msscdn.net/images/goods_img/20211224/2282146/2282146_1_500.jpg?t=20211224122811
492,96,스포츠/용품,스포츠신발,OVERDOZ,,2021 ALL,남 여,,,,,https://image.msscdn.net/images/goods_img/20210427/1922952/1922952_1_500.jpg?t=20210427153337
493,97,스포츠/용품,상의,OIVE,,2022 S/S,여,,,,,https://image.msscdn.net/images/goods_img/20220309/2407925/2407925_1_500.jpg?t=20220313173341
494,97,스커트,미니스커트,CITE DE CITE,,2022 S/S,여,,,,,https://image.msscdn.net/images/goods_img/20220420/2503007/2503007_1_500.jpg?t=20220628171546
495,97,스포츠/용품,스포츠모자,MEASPHERA,,2021 ALL,여,,,,,https://image.msscdn.net/images/goods_img/20210225/1815016/1815016_1_500.png?t=20210225193449
496,97,스포츠/용품,스포츠가방,CITE DE CITE,,2022 ALL,여,,,,,https://image.msscdn.net/images/goods_img/20220221/2374811/2374811_2_500.jpg?t=20220915125750
497,97,양말/레그웨어,양말,REXY,,2020 ALL,여,,,,,https://image.msscdn.net/images/goods_img/20200211/1300794/1300794_1_500.jpg?t=20220628151805
498,97,스니커즈,캔버스/단화,LECOQ,,2022 ALL,남 여,,,,,https://image.msscdn.net/images/goods_img/20220405/2467665/2467665_3_500.jpg?t=20220422173950
499,98,스포츠/용품,상의,JACKNICKLAUS,,0,남,,,,,https://image.msscdn.net/images/goods_img/20201015/1650812/1650812_1_500.jpg?t=20201015165712
500,98,스포츠/용품,스포츠가방,JACKNICKLAUS,,0,남,,,,,https://image.msscdn.net/images/goods_img/20201015/1650890/1650890_1_500.jpg?t=20201015171004
501,98,스포츠/용품,스포츠잡화,MLB GOLF,,2020 ALL,남,,,,,https://image.msscdn.net/images/goods_img/20200519/1452029/1452029_1_500.jpg?t=20200519102223
502,98,액세서리,벨트,MUSINSA STANDARD,,0,남,,,,,https://image.msscdn.net/images/goods_img/20190430/1031296/1031296_7_500.jpg?t=20210705112128
503,98,스니커즈,패션스니커즈화,ADIDAS,,ALL,남 여,,,,,https://image.msscdn.net/images/goods_img/20170615/577636/577636_5_500.jpg?t=20220630104155
504,99,아우터,카디건,KNITTED,,2021 F/W,남 여,,,,,https://image.msscdn.net/images/goods_img/20210824/2084195/2084195_3_500.jpg?t=20220317113435
505,99,스포츠/용품,상의,GLENMUIR,,2021 F/W,남,,,,,https://image.msscdn.net/images/goods_img/20210902/2106147/2106147_1_500.jpg?t=20210902160944
506,99,상의,니트/스웨터,NOIRER,,2022 F/W,남,,,,,https://image.msscdn.net/images/goods_img/20201124/1699820/1699820_12_500.jpg?t=20221020115859
507,100,상의,니트/스웨터,LACOSTE,,2020 F/W,남,,,,,https://image.msscdn.net/images/goods_img/20200828/1567776/1567776_2_500.jpg?t=20201012194132
508,100,상의,셔츠/블라우스,LEIRE,,2020 F/W,남,,,,,https://image.msscdn.net/images/goods_img/20190902/1139783/1139783_2_500.jpg?t=20220628154358
509,100,바지,코튼 팬츠,LOCOBASIC,,2020 S/S,남,,,,,https://image.msscdn.net/images/goods_img/20200102/1261528/1261528_1_500.jpg?t=20200102172856
510,100,스포츠/용품,기구/용품/장비,ZAMST,,0,라이프,,,,,https://image.msscdn.net/images/goods_img/20200707/1508350/1508350_1_500.jpg?t=20200707164632
511,100,스포츠/용품,스포츠잡화,MLB GOLF,,2020 ALL,남,,,,,https://image.msscdn.net/images/goods_img/20200519/1452035/1452035_1_500.jpg?t=20200519102335
512,100,스포츠/용품,스포츠가방,JACKNICKLAUS,,0,남,,,,,https://image.msscdn.net/images/goods_img/20201015/1650890/1650890_1_500.jpg?t=20201015171004
513,100,스니커즈,캔버스/단화,LACOSTE,,2020 ALL,남,,,,,https://image.msscdn.net/images/goods_img/20200915/1602530/1602530_2_500.jpg?t=20201013111412
514,101,아우터,블루종/MA-1,ALPHA INDUSTRIES,,2022 F/W,남,,,,,https://image.msscdn.net/images/goods_img/20220323/2440303/2440303_2_500.jpg?t=20220407130847
515,101,상의,맨투맨/스웨트셔츠,YALE GOLF,,2022 F/W,남,,,,,https://image.msscdn.net/images/goods_img/20210916/2135154/2135154_2_500.jpg?t=20211019142050
516,101,스포츠/용품,하의,EXHALE,,2022 ALL,남,,,,,https://image.msscdn.net/images/goods_img/20220705/2647215/2647215_1_500.jpg?t=20220705092738
517,101,모자,버킷/사파리햇,EXTRAORDINARY,,2022 ALL,남,,,,,https://image.msscdn.net/images/goods_img/20220221/2373521/2373521_1_500.jpg?t=20220221122753
518,101,스포츠/용품,스포츠잡화,100%,,2022 ALL,남,,,,,https://image.msscdn.net/images/goods_img/20220608/2603482/2603482_1_500.jpg?t=20220608162419
519,101,스니커즈,패션스니커즈화,SALOMON SPORTSTYLE,,2021 F/W,남 여,,,,,https://image.msscdn.net/images/goods_img/20210823/2080736/2080736_1_500.jpg?t=20210902163915
520,102,스포츠/용품,상의,J.JANE,,0,여,,,,,https://image.msscdn.net/images/goods_img/20211124/2246991/2246991_1_500.jpg?t=20211124175845
521,102,스커트,미니스커트,AIMSWING+8,,2021 F/W,여,,,,,https://image.msscdn.net/images/goods_img/20211126/2249947/2249947_1_500.jpg?t=20211126162153
522,102,스포츠/용품,스포츠잡화,RAINMAKER,,2021 ALL,여,,,,,https://image.msscdn.net/images/goods_img/20210428/1926462/1926462_1_500.jpg?t=20210428173225
523,102,양말/레그웨어,양말,KUME,,2021 ALL,여,,,,,https://image.msscdn.net/images/goods_img/20210915/2132830/2132830_1_500.jpg?t=20210915142200
524,103,상의,맨투맨/스웨트셔츠,CITE DE CITE,,2022 S/S,여,,,,,https://image.msscdn.net/images/goods_img/20220221/2374504/2374504_1_500.jpg?t=20220628170148
525,103,스포츠/용품,스커트,J.JANE,,0,여,,,,,https://image.msscdn.net/images/goods_img/20211125/2247321/2247321_1_500.jpg?t=20211125103550
526,103,스포츠/용품,스포츠잡화,MLB GOLF,,2020 ALL,남,,,,,https://image.msscdn.net/images/goods_img/20200519/1452028/1452028_1_500.jpg?t=20200519102209
527,103,여성 가방,토트백,CITE DE CITE,,2022 ALL,여,,,,,https://image.msscdn.net/images/goods_img/20220221/2374793/2374793_1_500.jpg?t=20220628170148
528,103,양말/레그웨어,양말,REXY,,2020 ALL,여,,,,,https://image.msscdn.net/images/goods_img/20200211/1300794/1300794_1_500.jpg?t=20220628151805
529,104,스포츠/용품,아우터,JACKNICKLAUS,,0,남,,,,,https://image.msscdn.net/images/goods_img/20201015/1650651/1650651_1_500.jpg?t=20201015162159
530,104,상의,피케/카라 티셔츠,LACOSTE,,2020 F/W,남,,,,,https://image.msscdn.net/images/goods_img/20200922/1617184/1617184_2_500.jpg?t=20201013112554
531,104,스포츠/용품,스포츠잡화,MLB GOLF,,2020 ALL,남,,,,,https://image.msscdn.net/images/goods_img/20200519/1452033/1452033_1_500.jpg?t=20200519102306
532,104,스포츠/용품,스포츠가방,ARVV,,2019 ALL,남,,,,,https://image.msscdn.net/images/goods_img/20191211/1249099/1249099_1_500.jpg?t=20220628151340
533,104,스니커즈,패션스니커즈화,PEMONT,,0,남,,,,,https://image.msscdn.net/images/goods_img/20180211/714368/714368_2_500.jpg?t=20180212122136
534,105,스포츠/용품,아우터,FRIDAY NIGHT GOLF CLUB,,2021 F/W,남,,,,,https://image.msscdn.net/images/goods_img/20211008/2168672/2168672_1_500.jpg?t=20211008061345
535,105,상의,셔츠/블라우스,MELANGE MASTER,,2021 F/W,남,,,,,https://image.msscdn.net/images/goods_img/20211019/2187022/2187022_2_500.jpg?t=20211020140632
536,105,스포츠/용품,하의,FRIDAY NIGHT GOLF CLUB,,2021 F/W,남,,,,,https://image.msscdn.net/images/goods_img/20211008/2168673/2168673_1_500.jpg?t=20211008070220
537,105,스포츠/용품,스포츠잡화,MEASPHERA,,2021 ALL,여,,,,,https://image.msscdn.net/images/goods_img/20210225/1815422/1815422_1_500.png?t=20210225193328
538,105,스니커즈,패션스니커즈화,BALLOP,,2021 ALL,남,,,,,https://image.msscdn.net/images/goods_img/20210914/2131317/2131317_1_500.jpg?t=20210914175920
539,106,아우터,숏패딩/숏헤비 아우터,RENEJ,,2020 F/W,여,,,,,https://image.msscdn.net/images/goods_img/20201110/1684906/1684906_1_500.jpg?t=20201111183654
540,106,스포츠/용품,스포츠잡화,MLB GOLF,,2020 ALL,남,,,,,https://image.msscdn.net/images/goods_img/20200519/1452029/1452029_1_500.jpg?t=20200519102223
541,106,스니커즈,패션스니커즈화,ASICS,,0,남 여,,,,,https://image.msscdn.net/images/goods_img/20170822/606077/606077_2_500.jpg?t=20170824172755
542,107,아우터,베스트,BERMUDAGRASS,,2022 S/S,여,,,,,https://image.msscdn.net/images/goods_img/20220503/2539395/2539395_1_500.jpg?t=20220503165850
543,107,스포츠/용품,스커트,MARJE,,2022 S/S,여,,,,,https://image.msscdn.net/images/goods_img/20220307/2401819/2401819_1_500.jpg?t=20220308132516
544,107,모자,캡/야구 모자,OIVE,,2022 ALL,여,,,,,https://image.msscdn.net/images/goods_img/20220311/2413635/2413635_1_500.jpg?t=20220313145617
545,107,스포츠/용품,스포츠잡화,MEASPHERA,,2021 ALL,남,,,,,https://image.msscdn.net/images/goods_img/20210225/1814553/1814553_2_500.jpg?t=20210518095404
546,107,스포츠/용품,스포츠가방,CITE DE CITE,,2021 ALL,여,,,,,https://image.msscdn.net/images/goods_img/20211102/2210496/2210496_3_500.jpg?t=20220915125818
547,107,스니커즈,기타 스니커즈,EPT,,2022 ALL,남 여,,,,,https://image.msscdn.net/images/goods_img/20220118/2311954/2311954_8_500.png?t=20220208141104
548,108,아우터,패딩 베스트,MUSINSA STANDARD,,2021 F/W,남,,,,,https://image.msscdn.net/images/goods_img/20190809/1114788/1114788_7_500.jpg?t=20210812143959
549,108,상의,후드 티셔츠,DAREPLAY,,2021 F/W,남,,,,,https://image.msscdn.net/images/goods_img/20210917/2140629/2140629_1_500.jpg?t=20220921175213
550,108,상의,맨투맨/스웨트셔츠,MUSINSA STANDARD,,0,남,,,,,https://image.msscdn.net/images/goods_img/20191101/1209633/1209633_3_500.jpg?t=20200702165438
551,108,바지,트레이닝/조거 팬츠,DAREPLAY,,2021 S/S,남,,,,,https://image.msscdn.net/images/goods_img/20210428/1925798/1925798_1_500.jpg?t=20210917110558
552,108,스포츠/용품,스포츠모자,DAREPLAY,,2021 ALL,남,,,,,https://image.msscdn.net/images/goods_img/20210427/1923293/1923293_4_500.jpg?t=20220526150158
553,108,스포츠/용품,스포츠잡화,MLB GOLF,,2020 ALL,남,,,,,https://image.msscdn.net/images/goods_img/20200519/1452029/1452029_1_500.jpg?t=20200519102223
554,108,스포츠/용품,스포츠가방,KAKAO FRIENDS GOLF,,2021 ALL,라이프,,,,,https://image.msscdn.net/images/goods_img/20210805/2050343/2050343_1_500.jpg?t=20210805151511
555,108,스포츠/용품,스포츠신발,ADIDAS,,2020 F/W,남 여,,,,,https://image.msscdn.net/images/goods_img/20200909/1593830/1593830_1_500.jpg?t=20200911151318
556,109,아우터,사파리/헌팅 재킷,ORTUS VASTERDS,,2022 ALL,남,,,,,https://image.msscdn.net/images/goods_img/20210923/2142223/2142223_1_500.jpg?t=20220628164250
557,109,상의,셔츠/블라우스,BESLOW,,2021 F/W,남,,,,,https://image.msscdn.net/images/goods_img/20210924/2144387/2144387_3_500.jpg?t=20211109111435
558,109,스포츠/용품,스포츠모자,DAREPLAY,,2021 ALL,남,,,,,https://image.msscdn.net/images/goods_img/20210622/2004799/2004799_1_500.jpg?t=20220712154334
559,109,스니커즈,캔버스/단화,ALLCLASSIC,,2021 ALL,남,,,,,https://image.msscdn.net/images/goods_img/20210924/2145903/2145903_1_500.jpg?t=20210924181452
560,110,스포츠/용품,상의,VOKEN,,2021 S/S,여,,,,,https://image.msscdn.net/images/goods_img/20210507/1940251/1940251_1_500.jpg?t=20210507120551
561,110,스커트,미니스커트,VOKEN,,2021 S/S,여,,,,,https://image.msscdn.net/images/goods_img/20210429/1928756/1928756_1_500.jpg?t=20210429150811
562,110,스포츠/용품,스포츠모자,VOKEN,,2021 ALL,여,,,,,https://image.msscdn.net/images/goods_img/20210430/1932366/1932366_1_500.jpg?t=20210430180745
563,110,양말/레그웨어,양말,REXY,,2020 ALL,여,,,,,https://image.msscdn.net/images/goods_img/20200211/1300794/1300794_1_500.jpg?t=20220628151805
564,110,스니커즈,캔버스/단화,BENSIMON,,2021 ALL,여,,,,,https://image.msscdn.net/images/goods_img/20210512/1947893/1947893_1_500.jpg?t=20210512171257
565,111,스포츠/용품,상의,PORTMAYNE,,2022 S/S,여,,,,,https://image.msscdn.net/images/goods_img/20220610/2609847/2609847_2_500.jpg?t=20220712155512
566,111,스포츠/용품,하의,BLUDOT,,2022 S/S,여,,,,,https://image.msscdn.net/images/goods_img/20220513/2559899/2559899_1_500.jpg?t=20220902121355
567,111,스포츠/용품,스포츠모자,HENRY STUART,,2022 ALL,여,,,,,https://image.msscdn.net/images/goods_img/20220620/2625104/2625104_1_500.jpg?t=20220620180049
568,111,스포츠/용품,스포츠가방,BLUDOT,,2022 ALL,여,,,,,https://image.msscdn.net/images/goods_img/20220609/2606725/2606725_1_500.jpg?t=20220609155700
569,111,스포츠/용품,스포츠가방,02ARMOIRE,,2022 ALL,여,,,,,https://image.msscdn.net/images/goods_img/20220609/2607309/2607309_1_500.jpg?t=20220614102041
570,111,양말/레그웨어,양말,PORTMAYNE,,2022 ALL,여,,,,,https://image.msscdn.net/images/goods_img/20220401/2462993/2462993_1_500.jpg?t=20220401164311
571,111,스니커즈,기타 스니커즈,IYSO,,2022 ALL,남 여,,,,,https://image.msscdn.net/images/goods_img/20220706/2650788/2650788_1_500.jpg?t=20220706223553
572,112,아우터,트레이닝 재킷,CASTELBAJAC,,2020 F/W,남,,,,,https://image.msscdn.net/images/goods_img/20201113/1689306/1689306_1_500.jpg?t=20201113143936
573,112,스포츠/용품,스포츠가방,EIGHTPEACE,,2020 ALL,남,,,,,https://image.msscdn.net/images/goods_img/20200913/1599443/1599443_1_500.jpg?t=20200913185946
574,112,스포츠/용품,스포츠잡화,MLB GOLF,,2020 ALL,남,,,,,https://image.msscdn.net/images/goods_img/20200519/1452035/1452035_1_500.jpg?t=20200519102335
575,113,상의,맨투맨/스웨트셔츠,APE THE GREAT&SPORT,,2022 S/S,여,,,,,https://image.msscdn.net/images/goods_img/20220307/2401856/2401856_1_500.jpg?t=20220307152138
576,113,스커트,미니스커트,VOKEN,,2021 F/W,여,,,,,https://image.msscdn.net/images/goods_img/20211025/2196156/2196156_1_500.jpg?t=20211025163302
577,113,스포츠/용품,스포츠모자,VOKEN,,2022 ALL,여,,,,,https://image.msscdn.net/images/goods_img/20220328/2447523/2447523_1_500.jpg?t=20220328020101
578,113,여성 가방,파우치 백,APE THE GREAT&SPORT,,2022 ALL,여,,,,,https://image.msscdn.net/images/goods_img/20220316/2424299/2424299_1_500.jpg?t=20220316174539
579,113,양말/레그웨어,양말,APE THE GREAT&SPORT,,2022 ALL,여,,,,,https://image.msscdn.net/images/goods_img/20220630/2640837/2640837_1_500.jpg?t=20220630130421
580,113,스니커즈,패션스니커즈화,ADIDAS,,2022 F/W,남 여,,,,,https://image.msscdn.net/images/goods_img/20220704/2645434/2645434_1_500.jpg?t=20220704142013
581,114,아우터,기타 아우터,AIMSWING+8,,2021 F/W,여,,,,,https://image.msscdn.net/images/goods_img/20210915/2133254/2133254_1_500.jpg?t=20210915194514
582,114,스포츠/용품,상의,DOYOUKNOWMC,,2021 F/W,여,,,,,https://image.msscdn.net/images/goods_img/20210905/2109185/2109185_1_500.jpg?t=20210905171618
583,114,스포츠/용품,스커트,DOYOUKNOWMC,,2021 F/W,여,,,,,https://image.msscdn.net/images/goods_img/20210905/2109172/2109172_6_500.jpg?t=20221016210942
584,114,스포츠/용품,스포츠모자,DOYOUKNOWMC,,2021 ALL,여,,,,,https://image.msscdn.net/images/goods_img/20210829/2096310/2096310_1_500.jpg?t=20220921224501
585,114,스포츠/용품,스포츠잡화,MLB GOLF,,2020 ALL,남,,,,,https://image.msscdn.net/images/goods_img/20200519/1452039/1452039_1_500.jpg?t=20200519102435
586,114,스니커즈,캔버스/단화,DR.MARTENS,,ALL,남 여,,,,,https://image.msscdn.net/images/goods_img/20190809/1115031/1115031_3_500.jpg?t=20220609161337
587,115,아우터,카디건,LACOSTE,,2020 F/W,남,,,,,https://image.msscdn.net/images/goods_img/20200831/1572225/1572225_3_500.jpg?t=20201012194911
588,115,상의,피케/카라 티셔츠,LACOSTE,,2020 F/W,남,,,,,https://image.msscdn.net/images/goods_img/20200922/1617184/1617184_2_500.jpg?t=20201013112554
589,115,바지,코튼 팬츠,LOCOBASIC,,2020 S/S,남,,,,,https://image.msscdn.net/images/goods_img/20200102/1261542/1261542_1_500.jpg?t=20200102173657
590,115,스포츠/용품,스포츠모자,JACKNICKLAUS,,0,남,,,,,https://image.msscdn.net/images/goods_img/20201015/1650974/1650974_1_500.jpg?t=20220628154957
591,115,스포츠/용품,스포츠가방,JACKNICKLAUS,,0,남,,,,,https://image.msscdn.net/images/goods_img/20201015/1650897/1650897_1_500.jpg?t=20201015171047
592,115,스포츠/용품,스포츠잡화,MLB GOLF,,2020 ALL,남,,,,,https://image.msscdn.net/images/goods_img/20200519/1452033/1452033_1_500.jpg?t=20200519102306
593,115,스니커즈,캔버스/단화,LACOSTE,,2020 ALL,남,,,,,https://image.msscdn.net/images/goods_img/20200915/1602530/1602530_2_500.jpg?t=20201013111412
594,116,스포츠/용품,상의,LIKEWIZE,,2022 S/S,여,,,,,https://image.msscdn.net/images/goods_img/20220215/2361691/2361691_1_500.jpg?t=20220628170648
595,116,모자,기타 모자,LIKEWIZE,,2022 ALL,여,,,,,https://image.msscdn.net/images/goods_img/20220216/2364535/2364535_1_500.jpg?t=20220317213800
596,116,양말/레그웨어,양말,ADIDAS,,2021 S/S,남 여,,,,,https://image.msscdn.net/images/goods_img/20210607/1985443/1985443_1_500.jpg?t=20210616173629
597,116,스포츠/용품,스포츠신발,ANEW GOLF,,2022 ALL,여,,,,,https://image.msscdn.net/images/goods_img/20220408/2476023/2476023_1_500.jpg?t=20220408112330
598,117,스포츠/용품,상의,BEENTRILL GOLF,,2022 S/S,남,,,,,https://image.msscdn.net/images/goods_img/20220406/2470770/2470770_1_500.jpg?t=20220406164645
599,117,스포츠/용품,하의,BEENTRILL GOLF,,2022 S/S,남,,,,,https://image.msscdn.net/images/goods_img/20220418/2496464/2496464_1_500.jpg?t=20220613134816
600,117,선글라스/안경테,안경,PALETTE ON,,2021 ALL,남,,,,,https://image.msscdn.net/images/goods_img/20211001/2159961/2159961_1_500.jpg?t=20220628164432
601,117,스포츠/용품,스포츠가방,TAYLOR MADE,,2022 ALL,남,,,,,https://image.msscdn.net/images/goods_img/20220401/2463405/2463405_1_500.jpg?t=20220401193930
602,118,스포츠/용품,상의,MALBON GOLF,,2022 S/S,남,,,,,https://image.msscdn.net/images/goods_img/20220127/2335686/2335686_1_500.jpg?t=20220127204213
603,118,모자,캡/야구 모자,DISCOVERY EXPEDITION,,2022 ALL,남 여,,,,,https://image.msscdn.net/images/goods_img/20220317/2426259/2426259_1_500.jpg?t=20220317135322
604,118,스포츠/용품,스포츠신발,IAN POULTER DESIGN,,2021 ALL,남,,,,,https://image.msscdn.net/images/goods_img/20210902/2104329/2104329_2_500.jpg?t=20220531161540
605,119,스포츠/용품,아우터,FAIRLIAR,,2021 F/W,여,,,,,https://image.msscdn.net/images/goods_img/20211223/2281754/2281754_2_500.jpg?t=20220628165608
606,119,스포츠/용품,상의,FILA GOLF,,2021 S/S,여,,,,,https://image.msscdn.net/images/goods_img/20210304/1827599/1827599_2_500.jpg?t=20210323105435
607,119,스포츠/용품,스포츠가방,FAIRLIAR,,2021 ALL,여,,,,,https://image.msscdn.net/images/goods_img/20211224/2282596/2282596_2_500.jpg?t=20220628165607
608,119,신발,힐/펌프스,VICTORIA SHOES,,ALL,여,,,,,https://image.msscdn.net/images/goods_img/20201123/1698626/1698626_1_500.jpg?t=20201123153313
