,clothes_id,gender,height,weight,size,size_review,bright,color,thick
0,0,여성, 160cm, 52kg,S,,,,
1,0,, 160cm, 52kg,,,,,
2,0,, 160cm, 52kg,,,,,
3,0,, 160cm, 52kg,,,,,
4,0,, 160cm, 52kg,,,,,
5,0,, 160cm, 52kg,,,,,
6,0,, 160cm, 52kg,,,,,
7,1,여성, 158cm, 49kg,CREAM,작아요,보통이에요,보통이에요,얇아요
8,1,여성, 160cm, 52kg,CREAM,보통이에요,밝아요,선명해요,보통이에요
9,10,남성, 171cm, 65kg,30,보통이에요,보통이에요,보통이에요,보통이에요
10,10,남성, 165cm, 63kg,29,보통이에요,보통이에요,보통이에요,보통이에요
11,10,남성, 180cm, 68kg,29,보통이에요,보통이에요,보통이에요,보통이에요
12,10,남성, 174cm, 58kg,29,보통이에요,밝아요,선명해요,보통이에요
13,10,남성, 170cm, 68kg,29,보통이에요,밝아요,선명해요,두꺼워요
14,10,남성, 174cm, 70kg,30,작아요,보통이에요,보통이에요,보통이에요
15,10,남성, 169cm, 63kg,29,보통이에요,어두워요,보통이에요,보통이에요
16,10,남성, 172cm, 58kg,29,보통이에요,보통이에요,보통이에요,보통이에요
17,10,남성, 172cm, 66kg,29,보통이에요,보통이에요,선명해요,보통이에요
18,10,남성, 172cm, 66kg,29,보통이에요,보통이에요,선명해요,보통이에요
19,10,남성, 174cm, 70kg,30,보통이에요,보통이에요,보통이에요,보통이에요
20,10,남성, 173cm, 63kg,30,보통이에요,보통이에요,보통이에요,보통이에요
21,10,여성, 173cm, 55kg,29,보통이에요,보통이에요,보통이에요,보통이에요
22,10,남성, 178cm, 63kg,29,보통이에요,보통이에요,보통이에요,보통이에요
23,10,남성, 171cm, 64kg,29,보통이에요,보통이에요,보통이에요,보통이에요
24,10,남성, 166cm, 66kg,29,보통이에요,보통이에요,보통이에요,보통이에요
25,10,남성, 170cm, 65kg,30,보통이에요,보통이에요,보통이에요,보통이에요
26,10,남성, 171cm, 67kg,29,보통이에요,보통이에요,보통이에요,보통이에요
27,10,여성, 165cm, 65kg,29,작아요,어두워요,보통이에요,보통이에요
28,10,남성, 172cm, 58kg,30,보통이에요,보통이에요,선명해요,보통이에요
29,10,남성, 176cm, 65kg,30,보통이에요,어두워요,보통이에요,보통이에요
30,10,남성, 170cm, 62kg,29,보통이에요,보통이에요,보통이에요,보통이에요
31,10,남성, 179cm, 62kg,30,보통이에요,보통이에요,보통이에요,보통이에요
32,10,남성, 170cm, 66kg,29,보통이에요,보통이에요,보통이에요,보통이에요
33,10,남성, 177cm, 64kg,29,보통이에요,보통이에요,보통이에요,보통이에요
34,10,남성, 172cm, 64kg,29,보통이에요,보통이에요,보통이에요,보통이에요
35,10,남성, 181cm, 68kg,30,보통이에요,보통이에요,보통이에요,보통이에요
36,10,남성, 173cm, 62kg,29,보통이에요,보통이에요,보통이에요,얇아요
37,10,남성, 183cm, 72kg,30,보통이에요,보통이에요,보통이에요,보통이에요
38,10,남성, 170cm, 63kg,29,보통이에요,보통이에요,보통이에요,보통이에요
39,10,여성, 168cm, 60kg,30,보통이에요,보통이에요,보통이에요,보통이에요
40,10,남성, 170cm, 60kg,29,보통이에요,보통이에요,보통이에요,보통이에요
41,10,남성, 170cm, 60kg,29,커요,보통이에요,보통이에요,보통이에요
42,10,남성, 182cm, 70kg,32,작아요,보통이에요,보통이에요,보통이에요
43,10,남성, 173cm, 69kg,29,보통이에요,보통이에요,보통이에요,보통이에요
44,10,남성, 177cm, 68kg,29,보통이에요,보통이에요,보통이에요,보통이에요
45,10,남성, 179cm, 70kg,30,작아요,보통이에요,보통이에요,보통이에요
46,10,남성, 176cm, 60kg,28,보통이에요,보통이에요,보통이에요,보통이에요
47,10,남성, 176cm, 60kg,28,보통이에요,보통이에요,보통이에요,보통이에요
48,10,남성, 165cm, 70kg,29,보통이에요,보통이에요,보통이에요,보통이에요
49,10,남성, 170cm, 62kg,29,보통이에요,보통이에요,보통이에요,보통이에요
50,10,남성, 170cm, 65kg,30,보통이에요,보통이에요,보통이에요,보통이에요
51,10,남성, 187cm, 83kg,32,보통이에요,보통이에요,보통이에요,보통이에요
52,10,남성, 170cm, 70kg,30,보통이에요,어두워요,보통이에요,보통이에요
53,10,여성, 160cm, 55kg,29,보통이에요,보통이에요,보통이에요,보통이에요
54,10,남성, 174cm, 62kg,29,보통이에요,보통이에요,보통이에요,보통이에요
55,10,남성, 176cm, 60kg,30,보통이에요,보통이에요,보통이에요,보통이에요
56,10,남성, 170cm, 68kg,29,보통이에요,밝아요,선명해요,두꺼워요
57,10,남성, 174cm, 72kg,30,보통이에요,보통이에요,보통이에요,보통이에요
58,10,남성, 179cm, 67kg,30,작아요,보통이에요,보통이에요,보통이에요
59,10,남성, 178cm, 53kg,28,보통이에요,보통이에요,보통이에요,보통이에요
60,10,남성, 177cm, 70kg,30,보통이에요,보통이에요,보통이에요,보통이에요
61,10,남성, 180cm, 74kg,32,보통이에요,보통이에요,보통이에요,보통이에요
62,10,남성, 165cm, 55kg,29,보통이에요,보통이에요,보통이에요,보통이에요
63,10,남성, 175cm, 64kg,30,보통이에요,보통이에요,보통이에요,보통이에요
64,10,남성, 178cm, 53kg,29,보통이에요,보통이에요,보통이에요,보통이에요
65,10,남성, 168cm, 60kg,29,보통이에요,보통이에요,보통이에요,보통이에요
66,10,남성, 177cm, 66kg,30,보통이에요,보통이에요,보통이에요,보통이에요
67,10,남성, 174cm, 72kg,29,작아요,보통이에요,보통이에요,보통이에요
68,10,남성, 172cm, 63kg,29,보통이에요,보통이에요,보통이에요,보통이에요
69,10,남성, 170cm, 64kg,29,보통이에요,밝아요,선명해요,보통이에요
70,10,남성, 178cm, 67kg,30,보통이에요,보통이에요,선명해요,보통이에요
71,10,남성, 173cm, 68kg,30,보통이에요,보통이에요,보통이에요,보통이에요
72,10,남성, 173cm, 68kg,30,보통이에요,보통이에요,보통이에요,보통이에요
73,10,남성, 167cm, 50kg,30,커요,보통이에요,보통이에요,보통이에요
74,10,남성, 174cm, 66kg,30,보통이에요,보통이에요,보통이에요,보통이에요
75,10,남성, 172cm, 52kg,29,보통이에요,보통이에요,선명해요,보통이에요
76,10,남성, 179cm, 64kg,29,보통이에요,보통이에요,보통이에요,보통이에요
77,10,남성, 173cm, 68kg,30,보통이에요,보통이에요,선명해요,보통이에요
78,10,남성, 170cm, 63kg,30,보통이에요,보통이에요,보통이에요,보통이에요
79,10,남성, 173cm, 68kg,30,보통이에요,보통이에요,보통이에요,보통이에요
80,10,남성, 170cm, 68kg,30,커요,어두워요,보통이에요,두꺼워요
81,10,남성, 170cm, 73kg,30,보통이에요,보통이에요,선명해요,두꺼워요
82,10,남성, 177cm, 72kg,32,보통이에요,보통이에요,보통이에요,보통이에요
83,10,남성, 178cm, 65kg,30,보통이에요,보통이에요,보통이에요,보통이에요
84,10,남성, 178cm, 65kg,30,보통이에요,보통이에요,보통이에요,보통이에요
85,10,여성, 160cm, 50kg,29,보통이에요,보통이에요,보통이에요,보통이에요
86,10,남성, 170cm, 68kg,29,보통이에요,어두워요,선명해요,두꺼워요
87,10,남성, 178cm, 70kg,30,보통이에요,밝아요,선명해요,보통이에요
88,10,남성, 173cm, 65kg,30,작아요,보통이에요,보통이에요,보통이에요
89,10,남성, 170cm, 65kg,30,보통이에요,보통이에요,선명해요,보통이에요
90,10,남성, 175cm, 64kg,29,보통이에요,보통이에요,보통이에요,보통이에요
91,10,남성, 175cm, 60kg,29,보통이에요,보통이에요,보통이에요,보통이에요
92,10,남성, 173cm, 68kg,32,보통이에요,보통이에요,보통이에요,보통이에요
93,10,남성, 172cm, 63kg,29,작아요,보통이에요,선명해요,보통이에요
94,10,남성, 176cm, 68kg,30,보통이에요,보통이에요,보통이에요,보통이에요
95,10,남성, 170cm, 66kg,30,보통이에요,보통이에요,보통이에요,보통이에요
96,10,남성, 174cm, 73kg,30,커요,보통이에요,선명해요,보통이에요
97,10,남성, 178cm, 75kg,30,보통이에요,보통이에요,보통이에요,보통이에요
98,10,남성, 172cm, 65kg,30,보통이에요,보통이에요,보통이에요,보통이에요
99,10,남성, 177cm, 60kg,30,보통이에요,보통이에요,보통이에요,보통이에요
100,10,남성, 170cm, 64kg,30,보통이에요,어두워요,선명해요,보통이에요
101,10,남성, 173cm, 60kg,29,보통이에요,보통이에요,선명해요,보통이에요
102,10,남성, 173cm, 60kg,29,보통이에요,보통이에요,선명해요,보통이에요
103,12,여성, 167cm, 60kg,FREE,작아요,밝아요,선명해요,보통이에요
104,12,여성, 165cm, 52kg,FREE,보통이에요,보통이에요,선명해요,보통이에요
105,12,여성, 158cm, 42kg,FREE,보통이에요,보통이에요,보통이에요,보통이에요
106,12,여성, 165cm, 55kg,FREE,작아요,보통이에요,선명해요,보통이에요
107,12,여성, 160cm, 53kg,FREE,보통이에요,보통이에요,선명해요,보통이에요
108,12,여성, 173cm, 60kg,FREE,보통이에요,보통이에요,보통이에요,보통이에요
109,12,여성, 160cm, 58kg,FREE,작아요,보통이에요,보통이에요,두꺼워요
110,12,여성, 170cm, 57kg,FREE,보통이에요,보통이에요,선명해요,보통이에요
111,17,여성, 165cm, 59kg,라이트 옐로우/S,보통이에요,밝아요,선명해요,보통이에요
112,23,남성, 168cm, 70kg,L,보통이에요,보통이에요,보통이에요,보통이에요
113,23,남성, 181cm, 75kg,L,보통이에요,보통이에요,보통이에요,보통이에요
114,23,여성, 168cm, 60kg,L,커요,밝아요,선명해요,두꺼워요
115,23,여성, 160cm, 45kg,L,보통이에요,보통이에요,보통이에요,보통이에요
116,23,여성, 160cm, 45kg,XL,보통이에요,보통이에요,보통이에요,보통이에요
117,23,남성, 175cm, 68kg,XL,보통이에요,보통이에요,보통이에요,보통이에요
118,23,남성, 179cm, 90kg,XL,보통이에요,밝아요,선명해요,보통이에요
119,23,여성, 156cm, 50kg,M,보통이에요,밝아요,선명해요,보통이에요
120,23,남성, 173cm, 68kg,L,보통이에요,보통이에요,보통이에요,보통이에요
121,23,여성, 168cm, 51kg,L,보통이에요,보통이에요,보통이에요,두꺼워요
122,23,여성, 156cm, 47kg,M,보통이에요,어두워요,보통이에요,보통이에요
123,23,여성, 164cm, 58kg,L,커요,밝아요,선명해요,두꺼워요
124,23,여성, 167cm, 85kg,L,보통이에요,밝아요,선명해요,두꺼워요
125,23,남성, 173cm, 68kg,L,보통이에요,보통이에요,보통이에요,보통이에요
126,23,남성, 172cm, 69kg,L,보통이에요,보통이에요,보통이에요,두꺼워요
127,23,여성, 153cm, 45kg,S,보통이에요,보통이에요,보통이에요,보통이에요
128,23,여성, 163cm, 48kg,L,커요,보통이에요,보통이에요,두꺼워요
129,23,남성, 170cm, 55kg,L,커요,보통이에요,보통이에요,보통이에요
130,23,여성, 155cm, 54kg,S,보통이에요,보통이에요,선명해요,두꺼워요
131,23,남성, 165cm, 62kg,M,보통이에요,보통이에요,선명해요,두꺼워요
132,23,남성, 173cm, 65kg,M,보통이에요,보통이에요,보통이에요,보통이에요
133,23,남성, 186cm, 72kg,XL,보통이에요,보통이에요,보통이에요,보통이에요
134,23,남성, 181cm, 77kg,XL,보통이에요,보통이에요,보통이에요,보통이에요
135,23,남성, 175cm, 70kg,L,커요,보통이에요,보통이에요,보통이에요
136,23,남성, 170cm, 62kg,L,보통이에요,보통이에요,보통이에요,두꺼워요
137,23,남성, 169cm, 82kg,L,보통이에요,보통이에요,선명해요,보통이에요
138,23,여성, 169cm, 65kg,L,커요,보통이에요,선명해요,두꺼워요
139,23,남성, 178cm, 72kg,XL,보통이에요,보통이에요,보통이에요,보통이에요
140,23,남성, 170cm, 71kg,L,보통이에요,보통이에요,보통이에요,두꺼워요
141,23,여성, 165cm, 53kg,L,보통이에요,보통이에요,선명해요,두꺼워요
142,23,여성, 159cm, 51kg,M,보통이에요,보통이에요,보통이에요,보통이에요
143,23,남성, 172cm, 65kg,L,보통이에요,보통이에요,보통이에요,보통이에요
144,23,남성, 169cm, 61kg,M,보통이에요,보통이에요,보통이에요,보통이에요
145,23,남성, 173cm, 66kg,L,보통이에요,보통이에요,선명해요,두꺼워요
146,23,여성, 166cm, 57kg,L,보통이에요,보통이에요,보통이에요,보통이에요
147,23,남성, 178cm, 74kg,XL,보통이에요,보통이에요,보통이에요,보통이에요
148,23,남성, 180cm, 85kg,XL,보통이에요,밝아요,선명해요,두꺼워요
149,23,남성, 169cm, 61kg,S,보통이에요,보통이에요,보통이에요,두꺼워요
150,23,남성, 171cm, 65kg,XL,보통이에요,보통이에요,보통이에요,보통이에요
151,23,남성, 178cm, 87kg,L,보통이에요,보통이에요,선명해요,보통이에요
152,23,남성, 165cm, 59kg,M,보통이에요,보통이에요,보통이에요,보통이에요
153,23,남성, 167cm, 60kg,L,보통이에요,보통이에요,보통이에요,보통이에요
154,23,여성, 166cm, 61kg,M,보통이에요,보통이에요,보통이에요,보통이에요
155,23,여성, 166cm, 61kg,S,보통이에요,보통이에요,보통이에요,보통이에요
156,23,여성, 166cm, 61kg,XL,보통이에요,보통이에요,보통이에요,보통이에요
157,23,남성, 181cm, 94kg,XL,커요,보통이에요,보통이에요,보통이에요
158,23,남성, 168cm, 60kg,M,보통이에요,보통이에요,선명해요,두꺼워요
159,23,남성, 180cm, 92kg,XL,보통이에요,보통이에요,선명해요,보통이에요
160,23,남성, 185cm, 65kg,XL,보통이에요,보통이에요,보통이에요,보통이에요
161,23,남성, 180cm, 68kg,L,커요,밝아요,보통이에요,두꺼워요
162,23,남성, 184cm, 90kg,XL,보통이에요,보통이에요,보통이에요,보통이에요
163,23,여성, 158cm, 46kg,L,커요,어두워요,선명해요,두꺼워요
164,23,여성, 165cm, 59kg,L,보통이에요,밝아요,선명해요,두꺼워요
165,23,남성, 174cm, 80kg,XL,보통이에요,보통이에요,선명해요,두꺼워요
166,23,남성, 174cm, 53kg,L,보통이에요,보통이에요,선명해요,보통이에요
167,23,남성, 175cm, 93kg,XL,보통이에요,보통이에요,보통이에요,보통이에요
168,23,남성, 176cm, 72kg,XL,커요,보통이에요,보통이에요,두꺼워요
169,23,여성, 169cm, 68kg,M,보통이에요,보통이에요,보통이에요,두꺼워요
170,23,남성, 178cm, 80kg,XL,보통이에요,보통이에요,보통이에요,보통이에요
171,23,남성, 184cm, 64kg,L,보통이에요,보통이에요,선명해요,두꺼워요
172,23,여성, 168cm, 53kg,L,보통이에요,보통이에요,선명해요,두꺼워요
173,23,여성, 153cm, 52kg,M,보통이에요,어두워요,선명해요,두꺼워요
174,23,남성, 182cm, 85kg,XL,보통이에요,보통이에요,보통이에요,보통이에요
175,23,여성, 160cm, 53kg,M,커요,보통이에요,선명해요,두꺼워요
176,23,남성, 173cm, 80kg,XL,보통이에요,보통이에요,보통이에요,보통이에요
177,23,남성, 180cm, 72kg,XL,보통이에요,보통이에요,보통이에요,보통이에요
178,23,남성, 181cm, 89kg,XL,보통이에요,밝아요,선명해요,보통이에요
179,23,여성, 162cm, 62kg,L,커요,밝아요,선명해요,두꺼워요
180,23,남성, 175cm, 71kg,L,보통이에요,밝아요,선명해요,두꺼워요
181,23,남성, 175cm, 67kg,L,보통이에요,보통이에요,보통이에요,보통이에요
182,23,여성, 165cm, 60kg,M,보통이에요,보통이에요,보통이에요,보통이에요
183,23,남성, 175cm, 85kg,XL,작아요,보통이에요,보통이에요,두꺼워요
184,23,여성, 155cm, 42kg,S,보통이에요,보통이에요,보통이에요,보통이에요
185,23,여성, 152cm, 52kg,S,커요,보통이에요,보통이에요,두꺼워요
186,23,남성, 166cm, 63kg,L,보통이에요,보통이에요,보통이에요,보통이에요
187,23,남성, 184cm, 90kg,XL,작아요,보통이에요,보통이에요,보통이에요
188,23,남성, 175cm, 64kg,L,보통이에요,보통이에요,보통이에요,보통이에요
189,23,여성, 172cm, 64kg,L,보통이에요,보통이에요,보통이에요,두꺼워요
190,23,남성, 185cm, 80kg,XL,보통이에요,밝아요,선명해요,보통이에요
191,23,남성, 162cm, 50kg,M,보통이에요,밝아요,선명해요,두꺼워요
192,23,여성, 165cm, 52kg,L,보통이에요,보통이에요,보통이에요,보통이에요
193,23,여성, 165cm, 53kg,M,보통이에요,보통이에요,보통이에요,보통이에요
194,23,여성, 164cm, 54kg,L,커요,보통이에요,보통이에요,보통이에요
195,24,여성, 167cm, 52kg,M(8809841610384),보통이에요,밝아요,보통이에요,보통이에요
196,24,여성, 165cm, 49kg,S(8809841610377),보통이에요,보통이에요,보통이에요,보통이에요
197,30,남성, 170cm, 68kg,M,작아요,밝아요,선명해요,보통이에요
198,30,남성, 185cm, 100kg,XL,보통이에요,보통이에요,선명해요,보통이에요
199,30,남성, 170cm, 70kg,XL,보통이에요,보통이에요,보통이에요,보통이에요
200,30,남성, 174cm, 80kg,XL,보통이에요,보통이에요,보통이에요,보통이에요
201,30,남성, 172cm, 73kg,L,보통이에요,보통이에요,보통이에요,보통이에요
202,30,남성, 176cm, 67kg,M,보통이에요,보통이에요,보통이에요,보통이에요
203,30,남성, 181cm, 78kg,XL,보통이에요,보통이에요,보통이에요,보통이에요
204,30,남성, 171cm, 66kg,L,커요,보통이에요,선명해요,보통이에요
205,40,여성, 168cm, 54kg,FREE,보통이에요,보통이에요,보통이에요,보통이에요
206,40,여성, 154cm, 49kg,FREE,보통이에요,보통이에요,보통이에요,보통이에요
207,40,여성, 160cm, 50kg,FREE,보통이에요,보통이에요,보통이에요,보통이에요
208,40,여성, 163cm, 70kg,FREE,보통이에요,밝아요,보통이에요,두꺼워요
209,40,여성, 165cm, 55kg,FREE,커요,보통이에요,보통이에요,보통이에요
210,40,여성, 155cm, 50kg,FREE,보통이에요,밝아요,선명해요,보통이에요
211,40,여성, 160cm, 51kg,FREE,커요,보통이에요,보통이에요,두꺼워요
212,40,여성, 160cm, 60kg,FREE,보통이에요,밝아요,선명해요,보통이에요
213,40,여성, 160cm, 58kg,FREE,커요,보통이에요,보통이에요,얇아요
214,40,여성, 168cm, 54kg,FREE,커요,보통이에요,보통이에요,두꺼워요
215,40,여성, 158cm, 55kg,FREE,보통이에요,보통이에요,보통이에요,보통이에요
216,73,남성, 170cm, 70kg,L,보통이에요,보통이에요,보통이에요,보통이에요
217,73,남성, 170cm, 63kg,S,보통이에요,보통이에요,보통이에요,보통이에요
218,73,남성, 179cm, 65kg,L,보통이에요,보통이에요,보통이에요,보통이에요
219,73,남성, 183cm, 77kg,XL,보통이에요,보통이에요,보통이에요,보통이에요
220,73,남성, 171cm, 75kg,L,보통이에요,보통이에요,보통이에요,보통이에요
221,73,남성, 175cm, 70kg,S,보통이에요,보통이에요,보통이에요,보통이에요
222,73,남성, 182cm, 74kg,L,보통이에요,보통이에요,보통이에요,보통이에요
223,73,남성, 182cm, 74kg,L,보통이에요,보통이에요,보통이에요,보통이에요
224,73,남성, 168cm, 68kg,XL,보통이에요,보통이에요,보통이에요,보통이에요
225,73,남성, 177cm, 73kg,L,보통이에요,보통이에요,보통이에요,보통이에요
226,73,남성, 183cm, 74kg,XL,보통이에요,보통이에요,보통이에요,보통이에요
227,73,남성, 183cm, 74kg,XL,보통이에요,보통이에요,보통이에요,보통이에요
228,73,남성, 175cm, 70kg,L,보통이에요,보통이에요,보통이에요,보통이에요
229,73,남성, 190cm, 90kg,XL,보통이에요,보통이에요,보통이에요,보통이에요
230,73,남성, 170cm, 70kg,L,보통이에요,보통이에요,보통이에요,보통이에요
231,73,남성, 182cm, 75kg,XL,보통이에요,보통이에요,보통이에요,보통이에요
232,73,남성, 174cm, 68kg,L,보통이에요,보통이에요,보통이에요,보통이에요
233,73,남성, 171cm, 69kg,M,보통이에요,보통이에요,보통이에요,보통이에요
234,73,남성, 180cm, 78kg,XL,보통이에요,보통이에요,보통이에요,보통이에요
235,73,남성, 184cm, 83kg,L,보통이에요,밝아요,선명해요,보통이에요
236,73,남성, 171cm, 83kg,XL,커요,보통이에요,보통이에요,보통이에요
237,73,남성, 174cm, 66kg,M,보통이에요,보통이에요,보통이에요,보통이에요
238,73,남성, 171cm, 77kg,XL,보통이에요,보통이에요,보통이에요,얇아요
239,73,남성, 181cm, 90kg,XL,보통이에요,보통이에요,보통이에요,보통이에요
240,73,남성, 180cm, 84kg,2XL,보통이에요,보통이에요,보통이에요,보통이에요
241,73,남성, 167cm, 46kg,M,보통이에요,보통이에요,보통이에요,얇아요
242,73,남성, 171cm, 72kg,L,보통이에요,보통이에요,보통이에요,보통이에요
243,73,남성, 186cm, 78kg,XL,보통이에요,보통이에요,보통이에요,보통이에요
244,73,남성, 171cm, 70kg,L,보통이에요,보통이에요,보통이에요,보통이에요
245,73,남성, 170cm, 60kg,M,보통이에요,밝아요,보통이에요,보통이에요
246,73,남성, 180cm, 88kg,XL,보통이에요,보통이에요,보통이에요,얇아요
247,73,남성, 176cm, 65kg,L,보통이에요,보통이에요,보통이에요,보통이에요
248,73,남성, 175cm, 73kg,M,보통이에요,보통이에요,보통이에요,얇아요
249,73,남성, 168cm, 63kg,M,보통이에요,보통이에요,보통이에요,보통이에요
250,73,여성, 157cm, 42kg,2XL,보통이에요,보통이에요,보통이에요,보통이에요
251,73,남성, 168cm, 65kg,L,보통이에요,보통이에요,보통이에요,보통이에요
252,73,남성, 172cm, 72kg,XL,보통이에요,보통이에요,보통이에요,얇아요
253,73,여성, 167cm, 70kg,M,커요,보통이에요,선명해요,보통이에요
254,73,남성, 178cm, 72kg,L,보통이에요,보통이에요,보통이에요,보통이에요
255,73,남성, 183cm, 85kg,XL,보통이에요,보통이에요,보통이에요,보통이에요
256,73,남성, 184cm, 78kg,XL,보통이에요,보통이에요,보통이에요,보통이에요
257,73,남성, 172cm, 60kg,L,보통이에요,보통이에요,보통이에요,보통이에요
258,73,남성, 189cm, 89kg,2XL,보통이에요,보통이에요,보통이에요,보통이에요
259,73,남성, 168cm, 65kg,L,보통이에요,보통이에요,선명해요,보통이에요
260,73,남성, 176cm, 73kg,XL,보통이에요,보통이에요,보통이에요,보통이에요
261,73,남성, 161cm, 60kg,L,보통이에요,보통이에요,보통이에요,보통이에요
262,73,남성, 167cm, 75kg,XL,보통이에요,밝아요,보통이에요,보통이에요
263,73,남성, 171cm, 68kg,L,보통이에요,보통이에요,흐려요,보통이에요
264,73,남성, 172cm, 72kg,L,보통이에요,보통이에요,보통이에요,얇아요
265,73,남성, 171cm, 66kg,L,보통이에요,보통이에요,보통이에요,보통이에요
266,73,여성, 163cm, 49kg,L,커요,보통이에요,보통이에요,보통이에요
267,73,남성, 185cm, 90kg,XL,보통이에요,보통이에요,보통이에요,보통이에요
268,73,남성, 190cm, 80kg,XL,커요,보통이에요,보통이에요,보통이에요
269,73,남성, 175cm, 55kg,M,보통이에요,보통이에요,보통이에요,보통이에요
270,73,남성, 174cm, 70kg,L,보통이에요,보통이에요,보통이에요,보통이에요
271,73,남성, 174cm, 70kg,L,보통이에요,보통이에요,보통이에요,보통이에요
272,73,남성, 174cm, 70kg,M,보통이에요,보통이에요,보통이에요,보통이에요
273,73,남성, 182cm, 74kg,2XL,보통이에요,어두워요,선명해요,보통이에요
274,73,남성, 178cm, 80kg,XL,보통이에요,보통이에요,보통이에요,보통이에요
275,73,남성, 178cm, 67kg,M,보통이에요,보통이에요,보통이에요,보통이에요
276,73,남성, 181cm, 85kg,L,보통이에요,보통이에요,보통이에요,보통이에요
277,73,남성, 181cm, 85kg,L,보통이에요,보통이에요,보통이에요,보통이에요
278,73,남성, 180cm, 76kg,L,보통이에요,보통이에요,보통이에요,보통이에요
279,73,남성, 177cm, 80kg,L,보통이에요,보통이에요,보통이에요,보통이에요
280,73,남성, 181cm, 72kg,L,보통이에요,보통이에요,보통이에요,보통이에요
281,73,남성, 181cm, 72kg,L,보통이에요,보통이에요,보통이에요,보통이에요
282,73,남성, 183cm, 67kg,L,보통이에요,보통이에요,선명해요,두꺼워요
283,73,남성, 178cm, 82kg,L,보통이에요,보통이에요,보통이에요,보통이에요
284,73,남성, 175cm, 78kg,L,보통이에요,보통이에요,보통이에요,보통이에요
285,73,남성, 173cm, 64kg,L,보통이에요,보통이에요,흐려요,보통이에요
286,73,남성, 175cm, 78kg,L,보통이에요,밝아요,선명해요,얇아요
287,73,남성, 176cm, 74kg,L,보통이에요,보통이에요,보통이에요,보통이에요
288,73,남성, 171cm, 64kg,L,커요,보통이에요,보통이에요,보통이에요
289,73,남성, 183cm, 75kg,XL,보통이에요,보통이에요,보통이에요,보통이에요
290,73,남성, 176cm, 76kg,XL,보통이에요,보통이에요,보통이에요,보통이에요
291,73,남성, 176cm, 76kg,XL,보통이에요,어두워요,보통이에요,보통이에요
292,73,남성, 177cm, 85kg,2XL,보통이에요,보통이에요,보통이에요,보통이에요
293,73,남성, 165cm, 65kg,L,보통이에요,보통이에요,보통이에요,보통이에요
294,73,남성, 173cm, 75kg,L,보통이에요,보통이에요,보통이에요,보통이에요
295,73,남성, 181cm, 80kg,XL,커요,보통이에요,보통이에요,보통이에요
296,74,남성, 170cm, 70kg,M,보통이에요,보통이에요,선명해요,보통이에요
297,74,남성, 178cm, 68kg,M,보통이에요,보통이에요,보통이에요,보통이에요
298,74,남성, 172cm, 60kg,S,보통이에요,어두워요,보통이에요,보통이에요
299,74,남성, 168cm, 68kg,M,보통이에요,어두워요,선명해요,보통이에요
300,74,남성, 177cm, 88kg,XL,작아요,밝아요,보통이에요,보통이에요
301,74,남성, 173cm, 67kg,M,보통이에요,보통이에요,보통이에요,두꺼워요
302,74,남성, 188cm, 90kg,XL,보통이에요,보통이에요,보통이에요,보통이에요
303,74,남성, 181cm, 79kg,XL,보통이에요,보통이에요,보통이에요,보통이에요
304,74,남성, 175cm, 70kg,L,보통이에요,보통이에요,선명해요,보통이에요
305,74,남성, 172cm, 70kg,M,보통이에요,보통이에요,보통이에요,보통이에요
306,74,남성, 175cm, 64kg,M,보통이에요,보통이에요,선명해요,보통이에요
307,74,남성, 176cm, 68kg,M,보통이에요,보통이에요,보통이에요,보통이에요
308,74,남성, 174cm, 64kg,L,보통이에요,보통이에요,보통이에요,보통이에요
309,74,남성, 175cm, 70kg,L,작아요,어두워요,보통이에요,보통이에요
310,74,남성, 169cm, 68kg,M,보통이에요,보통이에요,보통이에요,보통이에요
311,74,남성, 178cm, 86kg,XL,보통이에요,보통이에요,선명해요,보통이에요
312,74,남성, 181cm, 78kg,L,보통이에요,보통이에요,보통이에요,보통이에요
313,74,남성, 180cm, 80kg,XL,작아요,보통이에요,보통이에요,보통이에요
314,74,남성, 179cm, 70kg,XL,보통이에요,보통이에요,보통이에요,보통이에요
315,74,남성, 178cm, 68kg,M,보통이에요,보통이에요,보통이에요,보통이에요
316,74,남성, 178cm, 72kg,M,보통이에요,보통이에요,보통이에요,보통이에요
317,74,남성, 174cm, 80kg,XL,보통이에요,보통이에요,보통이에요,보통이에요
318,75,여성, 159cm, 56kg,05(100),커요,밝아요,선명해요,보통이에요
319,81,여성, 169cm, 58kg,MC GREY/095,커요,보통이에요,보통이에요,가벼워요
320,81,여성, 160cm, 55kg,MC GREY/090,보통이에요,보통이에요,보통이에요,적당해요
321,81,여성, 160cm, 56kg,MC GREY/090,보통이에요,보통이에요,보통이에요,적당해요
322,81,여성, 171cm, 61kg,MC GREY/090,보통이에요,밝아요,선명해요,가벼워요
323,81,여성, 164cm, 57kg,MC GREY/090,커요,보통이에요,선명해요,적당해요
324,81,여성, 164cm, 50kg,MC GREY/095,보통이에요,보통이에요,보통이에요,가벼워요
325,81,여성, 154cm, 43kg,MC GREY/085,커요,보통이에요,보통이에요,가벼워요
326,81,여성, 160cm, 58kg,MC GREY/090,보통이에요,보통이에요,보통이에요,가벼워요
327,81,여성, 157cm, 47kg,MC GREY/085,커요,밝아요,선명해요,가벼워요
328,81,여성, 165cm, 57kg,MC GREY/095,커요,보통이에요,보통이에요,가벼워요
329,81,여성, 160cm, 48kg,MC GREY/085,커요,보통이에요,흐려요,가벼워요
330,81,여성, 165cm, 65kg,MC GREY/095,보통이에요,보통이에요,보통이에요,적당해요
331,82,여성, 156cm, 47kg,블랙/S,보통이에요,보통이에요,보통이에요,보통이에요
332,82,여성, 156cm, 47kg,블랙/XS,보통이에요,보통이에요,선명해요,두꺼워요
333,82,여성, 163cm, 53kg,블랙/XS,커요,보통이에요,선명해요,보통이에요
334,93,남성, 175cm, 75kg,L,보통이에요,밝아요,선명해요,두꺼워요
335,93,남성, 177cm, 97kg,XL,보통이에요,보통이에요,보통이에요,두꺼워요
336,100,남성, 165cm, 61kg,CHA4UPT0018 카키/S,보통이에요,어두워요,보통이에요,두꺼워요
337,105,여성, 163cm, 52kg,FREE,보통이에요,보통이에요,보통이에요,보통이에요
338,105,여성, 157cm, 50kg,FREE,보통이에요,보통이에요,보통이에요,보통이에요
339,105,여성, 166cm, 54kg,FREE,보통이에요,보통이에요,보통이에요,보통이에요
340,105,여성, 163cm, 52kg,FREE,보통이에요,어두워요,보통이에요,보통이에요
341,105,여성, 168cm, 65kg,FREE,보통이에요,보통이에요,보통이에요,보통이에요
342,105,여성, 153cm, 45kg,FREE,보통이에요,보통이에요,보통이에요,보통이에요
343,105,여성, 170cm, 48kg,FREE,보통이에요,보통이에요,보통이에요,보통이에요
344,105,여성, 162cm, 56kg,FREE,보통이에요,보통이에요,보통이에요,얇아요
345,105,여성, 163cm, 53kg,FREE,커요,보통이에요,보통이에요,보통이에요
346,105,여성, 158cm, 58kg,FREE,보통이에요,보통이에요,보통이에요,보통이에요
347,105,여성, 160cm, 55kg,FREE,보통이에요,보통이에요,선명해요,보통이에요
348,105,여성, 156cm, 52kg,FREE,보통이에요,밝아요,선명해요,보통이에요
349,105,여성, 165cm, 50kg,FREE,보통이에요,보통이에요,보통이에요,얇아요
350,105,여성, 164cm, 60kg,FREE,보통이에요,보통이에요,보통이에요,보통이에요
351,105,여성, 160cm, 46kg,FREE,보통이에요,어두워요,보통이에요,보통이에요
352,105,여성, 160cm, 60kg,FREE,보통이에요,보통이에요,보통이에요,보통이에요
353,105,여성, 155cm, 45kg,FREE,보통이에요,보통이에요,보통이에요,보통이에요
354,105,여성, 165cm, 65kg,FREE,보통이에요,보통이에요,보통이에요,보통이에요
355,105,여성, 165cm, 48kg,FREE,보통이에요,밝아요,선명해요,두꺼워요
356,105,여성, 165cm, 55kg,FREE,보통이에요,보통이에요,보통이에요,보통이에요
357,105,여성, 172cm, 65kg,FREE,보통이에요,보통이에요,보통이에요,보통이에요
358,105,여성, 157cm, 49kg,FREE,커요,보통이에요,보통이에요,보통이에요
359,105,여성, 171cm, 53kg,FREE,보통이에요,보통이에요,보통이에요,보통이에요
360,105,여성, 158cm, 50kg,FREE,보통이에요,보통이에요,보통이에요,두꺼워요
361,105,여성, 157cm, 44kg,FREE,커요,보통이에요,보통이에요,보통이에요
362,105,여성, 159cm, 43kg,FREE,보통이에요,보통이에요,선명해요,보통이에요
363,105,여성, 164cm, 50kg,FREE,커요,어두워요,선명해요,보통이에요
364,105,여성, 165cm, 49kg,FREE,보통이에요,밝아요,선명해요,두꺼워요
365,105,여성, 165cm, 60kg,FREE,보통이에요,보통이에요,보통이에요,보통이에요
366,105,여성, 160cm, 48kg,FREE,보통이에요,어두워요,선명해요,보통이에요
367,105,여성, 160cm, 50kg,FREE,보통이에요,보통이에요,보통이에요,보통이에요
368,105,여성, 158cm, 46kg,FREE,커요,보통이에요,보통이에요,두꺼워요
369,105,여성, 160cm, 57kg,FREE,보통이에요,보통이에요,보통이에요,보통이에요
370,105,여성, 152cm, 42kg,FREE,커요,보통이에요,보통이에요,두꺼워요
371,105,남성, 172cm, 73kg,FREE,보통이에요,보통이에요,보통이에요,보통이에요
372,105,여성, 152cm, 45kg,FREE,보통이에요,보통이에요,보통이에요,보통이에요
373,105,여성, 155cm, 44kg,FREE,보통이에요,보통이에요,보통이에요,보통이에요
374,105,여성, 158cm, 47kg,FREE,보통이에요,보통이에요,보통이에요,보통이에요
375,105,여성, 160cm, 57kg,FREE,보통이에요,어두워요,보통이에요,보통이에요
376,105,여성, 160cm, 50kg,FREE,보통이에요,보통이에요,선명해요,보통이에요
377,105,여성, 155cm, 55kg,FREE,보통이에요,보통이에요,보통이에요,보통이에요
378,105,여성, 164cm, 60kg,FREE,보통이에요,보통이에요,보통이에요,두꺼워요
379,105,여성, 155cm, 45kg,FREE,보통이에요,보통이에요,보통이에요,보통이에요
380,105,여성, 160cm, 50kg,FREE,보통이에요,보통이에요,보통이에요,보통이에요
381,105,여성, 164cm, 56kg,FREE,보통이에요,보통이에요,보통이에요,보통이에요
382,105,여성, 163cm, 49kg,FREE,보통이에요,보통이에요,보통이에요,보통이에요
383,105,여성, 163cm, 47kg,FREE,보통이에요,보통이에요,보통이에요,보통이에요
384,105,여성, 162cm, 54kg,FREE,커요,보통이에요,보통이에요,보통이에요
385,105,여성, 162cm, 54kg,FREE,커요,보통이에요,보통이에요,두꺼워요
386,105,여성, 168cm, 55kg,FREE,보통이에요,보통이에요,보통이에요,보통이에요
387,105,여성, 160cm, 65kg,FREE,보통이에요,보통이에요,보통이에요,보통이에요
388,105,여성, 164cm, 55kg,FREE,보통이에요,보통이에요,보통이에요,보통이에요
389,105,여성, 160cm, 42kg,FREE,보통이에요,보통이에요,보통이에요,얇아요
390,105,여성, 160cm, 57kg,FREE,보통이에요,보통이에요,보통이에요,보통이에요
391,105,여성, 163cm, 49kg,FREE,보통이에요,밝아요,보통이에요,두꺼워요
392,105,여성, 170cm, 67kg,FREE,보통이에요,밝아요,선명해요,보통이에요
393,105,여성, 166cm, 55kg,FREE,보통이에요,보통이에요,보통이에요,보통이에요
394,105,여성, 163cm, 53kg,FREE,보통이에요,보통이에요,보통이에요,보통이에요
395,105,여성, 164cm, 53kg,FREE,보통이에요,보통이에요,보통이에요,보통이에요
396,105,여성, 160cm, 50kg,FREE,보통이에요,보통이에요,선명해요,두꺼워요
397,105,여성, 155cm, 55kg,FREE,보통이에요,보통이에요,보통이에요,보통이에요
398,105,여성, 174cm, 55kg,FREE,보통이에요,보통이에요,보통이에요,보통이에요
399,105,여성, 160cm, 58kg,FREE,보통이에요,보통이에요,보통이에요,보통이에요
400,105,여성, 174cm, 60kg,FREE,보통이에요,보통이에요,선명해요,보통이에요
401,105,여성, 165cm, 57kg,FREE,보통이에요,보통이에요,보통이에요,보통이에요
402,105,여성, 155cm, 55kg,FREE,보통이에요,보통이에요,보통이에요,보통이에요
403,105,여성, 170cm, 57kg,FREE,보통이에요,보통이에요,보통이에요,보통이에요
404,105,여성, 160cm, 48kg,FREE,커요,보통이에요,보통이에요,보통이에요
405,105,여성, 156cm, 46kg,FREE,보통이에요,보통이에요,보통이에요,보통이에요
406,105,여성, 165cm, 57kg,FREE,보통이에요,보통이에요,보통이에요,보통이에요
407,105,여성, 165cm, 53kg,FREE,보통이에요,어두워요,선명해요,두꺼워요
408,105,여성, 161cm, 48kg,FREE,보통이에요,보통이에요,보통이에요,보통이에요
409,105,여성, 158cm, 50kg,FREE,보통이에요,보통이에요,보통이에요,보통이에요
410,105,여성, 153cm, 50kg,FREE,보통이에요,보통이에요,보통이에요,보통이에요
411,105,여성, 155cm, 48kg,FREE,커요,보통이에요,선명해요,두꺼워요
412,115,남성, 170cm, 66kg,L,보통이에요,보통이에요,보통이에요,보통이에요
413,120,여성, 157cm, 51kg,FREE,작아요,보통이에요,보통이에요,얇아요
414,120,여성, 169cm, 56kg,FREE,보통이에요,보통이에요,보통이에요,보통이에요
415,120,여성, 158cm, 50kg,FREE,보통이에요,보통이에요,보통이에요,보통이에요
416,120,여성, 157cm, 51kg,FREE,보통이에요,보통이에요,보통이에요,보통이에요
417,120,여성, 162cm, 52kg,FREE,보통이에요,밝아요,선명해요,얇아요
418,120,여성, 170cm, 60kg,FREE,보통이에요,어두워요,선명해요,보통이에요
419,120,여성, 165cm, 53kg,FREE,보통이에요,보통이에요,선명해요,얇아요
420,120,여성, 165cm, 59kg,FREE,보통이에요,보통이에요,보통이에요,보통이에요
421,120,여성, 167cm, 52kg,FREE,보통이에요,보통이에요,선명해요,보통이에요
422,120,여성, 160cm, 50kg,FREE,보통이에요,보통이에요,보통이에요,보통이에요
423,120,여성, 158cm, 53kg,FREE,보통이에요,보통이에요,보통이에요,얇아요
424,120,여성, 155cm, 40kg,FREE,보통이에요,밝아요,선명해요,얇아요
425,120,여성, 162cm, 49kg,FREE,보통이에요,어두워요,선명해요,얇아요
426,120,여성, 160cm, 48kg,FREE,보통이에요,밝아요,선명해요,보통이에요
427,120,여성, 169cm, 55kg,FREE,보통이에요,보통이에요,보통이에요,보통이에요
428,120,여성, 162cm, 52kg,FREE,보통이에요,밝아요,선명해요,보통이에요
429,120,여성, 165cm, 56kg,FREE,보통이에요,밝아요,선명해요,보통이에요
430,120,여성, 158cm, 50kg,FREE,보통이에요,보통이에요,보통이에요,보통이에요
431,120,여성, 160cm, 54kg,FREE,보통이에요,밝아요,선명해요,보통이에요
432,120,여성, 160cm, 58kg,FREE,보통이에요,밝아요,선명해요,보통이에요
433,120,여성, 158cm, 55kg,FREE,보통이에요,보통이에요,보통이에요,보통이에요
434,120,여성, 164cm, 55kg,FREE,보통이에요,보통이에요,선명해요,얇아요
435,120,여성, 158cm, 57kg,FREE,보통이에요,보통이에요,보통이에요,얇아요
436,120,여성, 164cm, 53kg,FREE,보통이에요,보통이에요,보통이에요,보통이에요
437,120,여성, 168cm, 51kg,FREE,보통이에요,밝아요,보통이에요,보통이에요
438,120,여성, 164cm, 52kg,FREE,보통이에요,보통이에요,보통이에요,얇아요
439,120,여성, 158cm, 50kg,FREE,보통이에요,보통이에요,보통이에요,보통이에요
440,120,여성, 162cm, 60kg,FREE,보통이에요,밝아요,선명해요,보통이에요
441,120,여성, 168cm, 62kg,FREE,보통이에요,보통이에요,보통이에요,얇아요
442,121,여성, 172cm, 58kg,M,보통이에요,보통이에요,보통이에요,보통이에요
443,121,여성, 168cm, 62kg,L,커요,보통이에요,보통이에요,얇아요
444,121,여성, 162cm, 52kg,S,보통이에요,보통이에요,보통이에요,얇아요
445,121,여성, 158cm, 52kg,S,보통이에요,보통이에요,선명해요,얇아요
446,121,여성, 160cm, 48kg,S,커요,보통이에요,보통이에요,보통이에요
447,121,여성, 160cm, 50kg,S,보통이에요,보통이에요,보통이에요,보통이에요
448,121,여성, 164cm, 54kg,S,보통이에요,보통이에요,선명해요,보통이에요
449,121,여성, 163cm, 51kg,M,보통이에요,보통이에요,보통이에요,보통이에요
450,121,여성, 160cm, 55kg,M,보통이에요,어두워요,선명해요,보통이에요
451,121,여성, 160cm, 53kg,L,보통이에요,보통이에요,보통이에요,보통이에요
452,121,여성, 160cm, 47kg,S,보통이에요,보통이에요,보통이에요,보통이에요
453,121,여성, 158cm, 50kg,S,보통이에요,보통이에요,보통이에요,보통이에요
454,121,여성, 163cm, 55kg,L,보통이에요,보통이에요,선명해요,얇아요
455,121,여성, 167cm, 61kg,L,보통이에요,보통이에요,보통이에요,얇아요
456,126,남성, 176cm, 94kg,L,보통이에요,보통이에요,보통이에요,보통이에요
457,126,남성, 182cm, 90kg,XXL,보통이에요,밝아요,선명해요,보통이에요
458,126,남성, 176cm, 85kg,L,보통이에요,보통이에요,보통이에요,두꺼워요
459,126,남성, 178cm, 72kg,L,보통이에요,보통이에요,선명해요,보통이에요
460,126,남성, 176cm, 70kg,L,보통이에요,밝아요,선명해요,보통이에요
461,126,남성, 178cm, 84kg,L,보통이에요,밝아요,선명해요,보통이에요
462,126,남성, 180cm, 85kg,XL,보통이에요,보통이에요,보통이에요,보통이에요
463,126,남성, 177cm, 74kg,L_100,보통이에요,보통이에요,선명해요,보통이에요
464,128,남성, 175cm, 75kg,L,보통이에요,밝아요,선명해요,두꺼워요
465,128,남성, 177cm, 97kg,XL,보통이에요,보통이에요,보통이에요,두꺼워요
466,133,남성, 173cm, 68kg,05(100),보통이에요,보통이에요,보통이에요,가벼워요
467,134,여성, 160cm, 57kg,S,커요,밝아요,선명해요,두꺼워요
468,134,여성, 157cm, 58kg,S,보통이에요,보통이에요,보통이에요,보통이에요
469,134,남성, 182cm, 80kg,L,작아요,보통이에요,보통이에요,두꺼워요
470,134,여성, 158cm, 57kg,S,커요,밝아요,선명해요,두꺼워요
471,134,남성, 173cm, 72kg,M,보통이에요,보통이에요,보통이에요,두꺼워요
472,134,남성, 165cm, 67kg,M,보통이에요,보통이에요,보통이에요,두꺼워요
473,134,여성, 165cm, 55kg,S,커요,보통이에요,선명해요,보통이에요
474,134,남성, 182cm, 74kg,L,작아요,보통이에요,보통이에요,보통이에요
475,134,남성, 177cm, 80kg,M,작아요,보통이에요,선명해요,두꺼워요
476,134,여성, 161cm, 44kg,S,보통이에요,보통이에요,보통이에요,보통이에요
477,134,남성, 176cm, 76kg,M,커요,밝아요,흐려요,두꺼워요
478,134,여성, 167cm, 60kg,M,보통이에요,밝아요,선명해요,두꺼워요
479,134,여성, 172cm, 65kg,M,보통이에요,보통이에요,보통이에요,보통이에요
480,134,남성, 166cm, 65kg,M,보통이에요,보통이에요,선명해요,두꺼워요
481,134,남성, 175cm, 74kg,M,보통이에요,보통이에요,보통이에요,보통이에요
482,134,여성, 163cm, 57kg,M,보통이에요,밝아요,선명해요,두꺼워요
483,134,남성, 175cm, 72kg,M,보통이에요,보통이에요,보통이에요,두꺼워요
484,134,남성, 160cm, 60kg,S,커요,밝아요,선명해요,두꺼워요
485,134,여성, 158cm, 60kg,S,보통이에요,보통이에요,보통이에요,보통이에요
486,134,남성, 169cm, 72kg,L,보통이에요,밝아요,보통이에요,두꺼워요
487,134,여성, 160cm, 45kg,S,보통이에요,보통이에요,보통이에요,두꺼워요
488,134,남성, 183cm, 73kg,L,작아요,밝아요,선명해요,두꺼워요
489,134,남성, 179cm, 77kg,L,보통이에요,보통이에요,보통이에요,두꺼워요
490,134,남성, 181cm, 91kg,L,보통이에요,밝아요,선명해요,두꺼워요
491,134,남성, 178cm, 72kg,L,커요,밝아요,선명해요,두꺼워요
492,134,여성, 163cm, 62kg,M,보통이에요,보통이에요,선명해요,두꺼워요
493,134,남성, 177cm, 83kg,L,보통이에요,보통이에요,선명해요,두꺼워요
494,134,남성, 177cm, 72kg,L,보통이에요,보통이에요,보통이에요,두꺼워요
495,134,남성, 175cm, 75kg,L,커요,보통이에요,보통이에요,두꺼워요
496,134,여성, 165cm, 59kg,S,커요,밝아요,선명해요,두꺼워요
497,134,남성, 177cm, 72kg,L,보통이에요,보통이에요,선명해요,보통이에요
498,134,남성, 163cm, 58kg,S,보통이에요,밝아요,선명해요,두꺼워요
499,134,여성, 164cm, 48kg,L,보통이에요,밝아요,보통이에요,두꺼워요
500,134,여성, 170cm, 56kg,S,보통이에요,보통이에요,보통이에요,두꺼워요
501,134,남성, 170cm, 80kg,L,보통이에요,보통이에요,보통이에요,보통이에요
502,134,남성, 170cm, 80kg,M,보통이에요,보통이에요,보통이에요,보통이에요
503,134,남성, 173cm, 70kg,L,보통이에요,밝아요,선명해요,두꺼워요
504,134,남성, 176cm, 85kg,L,작아요,밝아요,선명해요,두꺼워요
505,134,남성, 175cm, 69kg,L,커요,보통이에요,보통이에요,두꺼워요
506,134,여성, 168cm, 56kg,S,보통이에요,보통이에요,보통이에요,두꺼워요
507,134,남성, 175cm, 65kg,L,보통이에요,보통이에요,보통이에요,보통이에요
508,134,남성, 173cm, 76kg,L,보통이에요,보통이에요,보통이에요,보통이에요
509,134,남성, 180cm, 78kg,L,보통이에요,보통이에요,보통이에요,보통이에요
510,134,남성, 174cm, 60kg,M,보통이에요,보통이에요,보통이에요,보통이에요
511,134,여성, 167cm, 57kg,L,보통이에요,보통이에요,보통이에요,보통이에요
512,134,여성, 170cm, 65kg,S,보통이에요,보통이에요,선명해요,두꺼워요
513,134,남성, 180cm, 65kg,L,보통이에요,보통이에요,보통이에요,보통이에요
514,134,남성, 168cm, 61kg,S,보통이에요,보통이에요,보통이에요,두꺼워요
515,134,남성, 177cm, 88kg,L,보통이에요,밝아요,보통이에요,두꺼워요
516,134,여성, 162cm, 54kg,S,보통이에요,보통이에요,보통이에요,두꺼워요
517,134,남성, 173cm, 66kg,S,보통이에요,밝아요,선명해요,두꺼워요
518,134,여성, 163cm, 50kg,S,보통이에요,밝아요,선명해요,두꺼워요
519,135,여성, 161cm, 45kg,BABY PINK/085,보통이에요,밝아요,보통이에요,가벼워요
520,141,남성, 170cm, 90kg,XL(105),보통이에요,보통이에요,선명해요,가벼워요
521,141,남성, 174cm, 72kg,L(100),보통이에요,보통이에요,보통이에요,적당해요
522,141,남성, 178cm, 74kg,L(100),커요,보통이에요,보통이에요,적당해요
523,141,여성, 165cm, 65kg,M(95),커요,보통이에요,보통이에요,적당해요
524,141,남성, 177cm, 71kg,XL(105),커요,보통이에요,보통이에요,적당해요
525,141,남성, 177cm, 76kg,XL(105),커요,밝아요,선명해요,가벼워요
526,141,남성, 168cm, 60kg,M(95),보통이에요,보통이에요,선명해요,적당해요
527,141,여성, 169cm, 55kg,L(100),보통이에요,보통이에요,보통이에요,적당해요
528,141,남성, 180cm, 84kg,XL(105),커요,보통이에요,선명해요,가벼워요
529,142,남성, 170cm, 63kg,M,보통이에요,보통이에요,보통이에요,보통이에요
530,142,남성, 173cm, 79kg,M,보통이에요,보통이에요,보통이에요,두꺼워요
531,142,남성, 177cm, 80kg,M,보통이에요,보통이에요,선명해요,두꺼워요
532,142,남성, 178cm, 78kg,L,보통이에요,보통이에요,보통이에요,보통이에요
533,142,남성, 178cm, 79kg,L,커요,어두워요,선명해요,보통이에요
534,142,남성, 170cm, 50kg,S,보통이에요,보통이에요,보통이에요,보통이에요
535,142,남성, 176cm, 72kg,M,보통이에요,보통이에요,보통이에요,보통이에요
536,142,남성, 178cm, 80kg,M,보통이에요,보통이에요,보통이에요,보통이에요
537,142,남성, 175cm, 71kg,M,보통이에요,보통이에요,보통이에요,보통이에요
538,142,남성, 180cm, 80kg,L,보통이에요,보통이에요,보통이에요,보통이에요
539,142,남성, 177cm, 63kg,M,보통이에요,어두워요,선명해요,두꺼워요
540,142,남성, 183cm, 73kg,L,보통이에요,보통이에요,보통이에요,보통이에요
541,142,남성, 180cm, 69kg,L,보통이에요,보통이에요,보통이에요,보통이에요
542,142,남성, 170cm, 73kg,L,보통이에요,보통이에요,보통이에요,두꺼워요
543,142,여성, 158cm, 54kg,S,커요,보통이에요,보통이에요,두꺼워요
544,142,여성, 155cm, 50kg,M,보통이에요,보통이에요,보통이에요,보통이에요
545,142,남성, 178cm, 72kg,L,보통이에요,보통이에요,보통이에요,보통이에요
546,142,남성, 164cm, 80kg,M,커요,보통이에요,보통이에요,보통이에요
547,142,남성, 172cm, 67kg,M,보통이에요,보통이에요,선명해요,두꺼워요
548,142,여성, 163cm, 53kg,M,커요,보통이에요,선명해요,두꺼워요
549,142,남성, 179cm, 81kg,L,보통이에요,보통이에요,보통이에요,보통이에요
550,142,남성, 173cm, 73kg,M,보통이에요,보통이에요,보통이에요,보통이에요
551,142,남성, 172cm, 67kg,M,보통이에요,보통이에요,보통이에요,보통이에요
552,142,남성, 178cm, 80kg,L,커요,밝아요,선명해요,두꺼워요
553,142,남성, 171cm, 65kg,M,보통이에요,보통이에요,보통이에요,보통이에요
554,142,남성, 180cm, 81kg,L,보통이에요,보통이에요,보통이에요,보통이에요
555,142,남성, 179cm, 77kg,L,보통이에요,보통이에요,보통이에요,두꺼워요
556,142,남성, 181cm, 72kg,M,보통이에요,보통이에요,보통이에요,두꺼워요
557,142,남성, 176cm, 80kg,L,보통이에요,보통이에요,보통이에요,보통이에요
558,142,남성, 176cm, 65kg,M,보통이에요,어두워요,보통이에요,두꺼워요
559,142,여성, 178cm, 62kg,M,보통이에요,보통이에요,선명해요,두꺼워요
560,142,남성, 173cm, 74kg,L,커요,밝아요,보통이에요,보통이에요
561,142,남성, 175cm, 63kg,M,커요,보통이에요,보통이에요,두꺼워요
562,142,남성, 182cm, 75kg,L,커요,보통이에요,선명해요,두꺼워요
563,142,남성, 174cm, 69kg,M,보통이에요,보통이에요,보통이에요,보통이에요
564,142,남성, 173cm, 57kg,M,보통이에요,보통이에요,보통이에요,보통이에요
565,142,남성, 176cm, 68kg,M,보통이에요,보통이에요,보통이에요,두꺼워요
566,142,남성, 181cm, 83kg,L,보통이에요,보통이에요,보통이에요,보통이에요
567,142,남성, 174cm, 82kg,L,보통이에요,보통이에요,보통이에요,보통이에요
568,142,남성, 185cm, 87kg,L,보통이에요,보통이에요,보통이에요,두꺼워요
569,142,남성, 175cm, 85kg,L,커요,보통이에요,보통이에요,보통이에요
570,142,남성, 170cm, 72kg,M,커요,보통이에요,선명해요,두꺼워요
571,142,남성, 177cm, 70kg,L,보통이에요,어두워요,선명해요,보통이에요
572,142,여성, 160cm, 50kg,L,보통이에요,보통이에요,보통이에요,두꺼워요
573,142,남성, 170cm, 74kg,M,커요,보통이에요,선명해요,두꺼워요
574,142,남성, 178cm, 70kg,L,보통이에요,보통이에요,보통이에요,보통이에요
575,142,여성, 168cm, 60kg,L,보통이에요,보통이에요,보통이에요,보통이에요
576,142,남성, 179cm, 80kg,L,보통이에요,보통이에요,선명해요,두꺼워요
577,142,남성, 172cm, 77kg,M,커요,보통이에요,보통이에요,두꺼워요
578,142,남성, 173cm, 85kg,L,보통이에요,보통이에요,보통이에요,보통이에요
579,142,남성, 170cm, 80kg,L,보통이에요,보통이에요,보통이에요,보통이에요
580,142,남성, 173cm, 72kg,M,보통이에요,보통이에요,보통이에요,두꺼워요
581,142,남성, 174cm, 73kg,M,보통이에요,어두워요,선명해요,두꺼워요
582,142,여성, 164cm, 55kg,M,보통이에요,보통이에요,보통이에요,두꺼워요
583,142,남성, 174cm, 68kg,M,커요,보통이에요,보통이에요,두꺼워요
584,142,남성, 180cm, 78kg,L,커요,보통이에요,보통이에요,보통이에요
585,142,남성, 171cm, 73kg,M,보통이에요,보통이에요,보통이에요,보통이에요
586,142,남성, 170cm, 70kg,M,보통이에요,보통이에요,보통이에요,보통이에요
587,142,남성, 185cm, 95kg,L,커요,보통이에요,보통이에요,두꺼워요
588,142,남성, 174cm, 65kg,M,보통이에요,밝아요,선명해요,두꺼워요
589,142,남성, 171cm, 62kg,M,커요,보통이에요,보통이에요,두꺼워요
590,142,남성, 172cm, 65kg,M,보통이에요,보통이에요,보통이에요,보통이에요
591,142,남성, 170cm, 65kg,M,보통이에요,보통이에요,보통이에요,보통이에요
592,142,남성, 178cm, 75kg,M,보통이에요,보통이에요,보통이에요,보통이에요
593,142,남성, 172cm, 93kg,M,보통이에요,보통이에요,보통이에요,보통이에요
594,142,남성, 186cm, 88kg,L,보통이에요,보통이에요,보통이에요,두꺼워요
595,142,남성, 170cm, 73kg,L,커요,보통이에요,보통이에요,보통이에요
596,142,여성, 161cm, 52kg,M,커요,밝아요,선명해요,두꺼워요
597,142,남성, 171cm, 62kg,M,커요,보통이에요,보통이에요,보통이에요
598,142,남성, 175cm, 70kg,M,보통이에요,밝아요,선명해요,두꺼워요
599,142,남성, 171cm, 52kg,M,보통이에요,보통이에요,보통이에요,보통이에요
600,142,남성, 172cm, 68kg,M,보통이에요,보통이에요,보통이에요,두꺼워요
601,142,남성, 177cm, 75kg,L,보통이에요,보통이에요,보통이에요,보통이에요
602,142,남성, 176cm, 70kg,M,보통이에요,보통이에요,보통이에요,보통이에요
603,142,남성, 185cm, 86kg,L,보통이에요,보통이에요,보통이에요,두꺼워요
604,142,남성, 178cm, 69kg,M,보통이에요,보통이에요,보통이에요,보통이에요
605,143,여성, 163cm, 48kg,M,보통이에요,보통이에요,보통이에요,보통이에요
606,143,남성, 175cm, 65kg,XL,보통이에요,보통이에요,보통이에요,두꺼워요
607,143,남성, 178cm, 72kg,XL,보통이에요,밝아요,선명해요,두꺼워요
608,143,남성, 172cm, 60kg,L,보통이에요,보통이에요,보통이에요,보통이에요
609,143,남성, 180cm, 80kg,XL,보통이에요,보통이에요,보통이에요,보통이에요
610,143,남성, 171cm, 65kg,M,보통이에요,보통이에요,보통이에요,보통이에요
611,143,남성, 175cm, 55kg,M,보통이에요,보통이에요,선명해요,보통이에요
612,143,남성, 177cm, 72kg,L,보통이에요,보통이에요,보통이에요,보통이에요
613,143,남성, 171cm, 64kg,M,보통이에요,밝아요,선명해요,보통이에요
614,143,여성, 166cm, 65kg,M,보통이에요,밝아요,선명해요,보통이에요
615,143,여성, 166cm, 60kg,XL,보통이에요,보통이에요,보통이에요,보통이에요
616,143,남성, 187cm, 80kg,XL,보통이에요,보통이에요,보통이에요,보통이에요
617,143,남성, 170cm, 61kg,M,보통이에요,보통이에요,보통이에요,보통이에요
618,143,남성, 175cm, 67kg,XL,보통이에요,밝아요,선명해요,보통이에요
619,143,남성, 178cm, 88kg,XL,커요,보통이에요,보통이에요,보통이에요
620,143,남성, 174cm, 71kg,M,커요,보통이에요,흐려요,보통이에요
621,143,남성, 172cm, 67kg,L,커요,밝아요,선명해요,보통이에요
622,143,남성, 176cm, 65kg,L,커요,보통이에요,보통이에요,보통이에요
623,143,남성, 187cm, 96kg,XL,커요,보통이에요,보통이에요,얇아요
624,143,남성, 176cm, 67kg,L,보통이에요,보통이에요,보통이에요,보통이에요
625,143,남성, 181cm, 72kg,XL,보통이에요,밝아요,선명해요,보통이에요
626,143,여성, 165cm, 75kg,L,보통이에요,보통이에요,선명해요,두꺼워요
627,143,남성, 175cm, 70kg,L,보통이에요,보통이에요,보통이에요,보통이에요
628,143,남성, 176cm, 64kg,L,보통이에요,보통이에요,선명해요,보통이에요
629,143,남성, 166cm, 65kg,M,커요,보통이에요,선명해요,보통이에요
630,143,남성, 171cm, 70kg,M,보통이에요,보통이에요,선명해요,보통이에요
631,143,남성, 170cm, 65kg,M,보통이에요,보통이에요,보통이에요,보통이에요
632,143,남성, 171cm, 73kg,M,보통이에요,보통이에요,선명해요,두꺼워요
633,143,여성, 157cm, 49kg,M,커요,보통이에요,보통이에요,보통이에요
634,143,남성, 170cm, 63kg,M,보통이에요,보통이에요,보통이에요,보통이에요
635,143,남성, 183cm, 82kg,L,작아요,보통이에요,보통이에요,얇아요
636,143,남성, 177cm, 73kg,XL,보통이에요,보통이에요,보통이에요,보통이에요
637,143,남성, 174cm, 80kg,XL,커요,보통이에요,보통이에요,보통이에요
638,143,남성, 178cm, 71kg,L,보통이에요,보통이에요,보통이에요,보통이에요
639,143,남성, 178cm, 74kg,XL,커요,보통이에요,보통이에요,보통이에요
640,143,남성, 183cm, 75kg,L,보통이에요,밝아요,선명해요,보통이에요
641,143,남성, 180cm, 86kg,XL,커요,밝아요,선명해요,보통이에요
642,143,남성, 182cm, 72kg,L,보통이에요,보통이에요,보통이에요,보통이에요
643,143,남성, 182cm, 76kg,XL,보통이에요,보통이에요,보통이에요,보통이에요
644,143,남성, 170cm, 55kg,M,보통이에요,보통이에요,보통이에요,보통이에요
645,143,남성, 164cm, 58kg,M,보통이에요,보통이에요,선명해요,보통이에요
646,143,여성, 167cm, 46kg,M,커요,보통이에요,선명해요,두꺼워요
647,143,남성, 173cm, 60kg,L,보통이에요,보통이에요,보통이에요,보통이에요
648,143,남성, 178cm, 71kg,L,커요,보통이에요,보통이에요,보통이에요
649,143,남성, 176cm, 74kg,M,보통이에요,보통이에요,보통이에요,보통이에요
650,143,남성, 173cm, 73kg,M,보통이에요,보통이에요,보통이에요,보통이에요
651,143,남성, 172cm, 61kg,M,보통이에요,밝아요,선명해요,보통이에요
652,143,남성, 173cm, 83kg,XL,커요,어두워요,선명해요,보통이에요
653,143,남성, 168cm, 65kg,L,보통이에요,보통이에요,보통이에요,보통이에요
654,143,남성, 178cm, 74kg,L,보통이에요,보통이에요,선명해요,보통이에요
655,143,남성, 178cm, 65kg,XL,보통이에요,보통이에요,보통이에요,보통이에요
656,143,남성, 180cm, 76kg,L,보통이에요,보통이에요,선명해요,보통이에요
657,143,남성, 178cm, 72kg,XL,커요,보통이에요,보통이에요,보통이에요
658,143,남성, 170cm, 85kg,XL,보통이에요,보통이에요,보통이에요,보통이에요
659,143,남성, 169cm, 66kg,M,보통이에요,보통이에요,보통이에요,보통이에요
660,143,남성, 174cm, 69kg,L,커요,보통이에요,선명해요,보통이에요
661,143,남성, 176cm, 65kg,M,보통이에요,밝아요,보통이에요,보통이에요
662,143,남성, 173cm, 73kg,M,보통이에요,밝아요,선명해요,보통이에요
663,143,남성, 169cm, 61kg,M,보통이에요,밝아요,선명해요,보통이에요
664,143,남성, 176cm, 72kg,XL,커요,밝아요,선명해요,보통이에요
665,143,남성, 175cm, 76kg,L,보통이에요,보통이에요,보통이에요,보통이에요
666,143,남성, 176cm, 70kg,L,커요,밝아요,선명해요,보통이에요
667,143,남성, 183cm, 78kg,XL,보통이에요,보통이에요,보통이에요,보통이에요
668,143,남성, 181cm, 63kg,XL,보통이에요,보통이에요,보통이에요,보통이에요
669,143,남성, 178cm, 73kg,L,보통이에요,밝아요,보통이에요,보통이에요
670,143,여성, 160cm, 65kg,M,보통이에요,보통이에요,보통이에요,두꺼워요
671,143,남성, 175cm, 70kg,M,보통이에요,보통이에요,보통이에요,보통이에요
672,143,남성, 178cm, 63kg,L,보통이에요,보통이에요,보통이에요,보통이에요
673,143,남성, 171cm, 76kg,M,보통이에요,보통이에요,보통이에요,보통이에요
674,143,남성, 170cm, 72kg,L,커요,보통이에요,선명해요,보통이에요
675,143,남성, 174cm, 55kg,XL,보통이에요,보통이에요,보통이에요,보통이에요
676,143,남성, 173cm, 62kg,M,보통이에요,밝아요,보통이에요,보통이에요
677,143,남성, 170cm, 75kg,M,커요,보통이에요,선명해요,보통이에요
678,143,남성, 177cm, 69kg,L,보통이에요,보통이에요,보통이에요,보통이에요
679,143,남성, 188cm, 72kg,XL,커요,밝아요,선명해요,보통이에요
680,143,남성, 171cm, 68kg,M,보통이에요,보통이에요,보통이에요,보통이에요
681,143,남성, 177cm, 63kg,L,보통이에요,보통이에요,보통이에요,보통이에요
682,143,남성, 185cm, 86kg,XL,보통이에요,보통이에요,보통이에요,보통이에요
683,143,남성, 171cm, 66kg,XL,보통이에요,보통이에요,보통이에요,보통이에요
684,143,여성, 160cm, 52kg,M,커요,밝아요,선명해요,보통이에요
685,143,남성, 173cm, 78kg,L,보통이에요,보통이에요,보통이에요,보통이에요
686,143,남성, 172cm, 72kg,M,보통이에요,밝아요,선명해요,보통이에요
687,143,남성, 169cm, 64kg,M,보통이에요,보통이에요,보통이에요,보통이에요
688,143,남성, 163cm, 56kg,M,보통이에요,밝아요,선명해요,보통이에요
689,143,남성, 167cm, 70kg,L,보통이에요,보통이에요,보통이에요,보통이에요
690,143,남성, 168cm, 52kg,M,보통이에요,보통이에요,보통이에요,보통이에요
691,143,남성, 170cm, 65kg,M,보통이에요,보통이에요,보통이에요,보통이에요
692,143,남성, 171cm, 70kg,L,보통이에요,보통이에요,선명해요,보통이에요
693,143,남성, 174cm, 70kg,M,커요,밝아요,선명해요,두꺼워요
694,143,남성, 179cm, 72kg,L,보통이에요,보통이에요,보통이에요,보통이에요
695,151,남성, 174cm, 72kg,CHA3UPT0015 그레이/L,커요,보통이에요,선명해요,보통이에요
696,155,여성, 160cm, 58kg,XS_85,보통이에요,보통이에요,보통이에요,보통이에요
697,155,여성, 160cm, 50kg,S_90,보통이에요,보통이에요,보통이에요,보통이에요
698,155,여성, 160cm, 58kg,S_90,보통이에요,보통이에요,보통이에요,보통이에요
699,155,여성, 165cm, 50kg,XS_85,보통이에요,보통이에요,선명해요,보통이에요
700,161,남성, 172cm, 64kg,00M,보통이에요,보통이에요,보통이에요,보통이에요
701,166,남성, 174cm, 78kg,XL,보통이에요,보통이에요,보통이에요,가벼워요
702,166,여성, 163cm, 61kg,XL,보통이에요,보통이에요,보통이에요,적당해요
703,166,남성, 172cm, 85kg,XL,보통이에요,보통이에요,보통이에요,적당해요
704,166,남성, 178cm, 86kg,XL,보통이에요,보통이에요,보통이에요,가벼워요
705,166,남성, 177cm, 70kg,2XL,보통이에요,보통이에요,보통이에요,적당해요
706,166,여성, 161cm, 60kg,S,보통이에요,보통이에요,보통이에요,적당해요
707,166,남성, 177cm, 81kg,2XL,보통이에요,보통이에요,보통이에요,적당해요
708,166,남성, 177cm, 81kg,2XL,보통이에요,보통이에요,보통이에요,적당해요
709,166,남성, 182cm, 80kg,2XL,보통이에요,보통이에요,보통이에요,가벼워요
710,166,남성, 176cm, 65kg,L,보통이에요,보통이에요,흐려요,가벼워요
711,166,여성, 155cm, 52kg,XL,커요,밝아요,보통이에요,가벼워요
712,166,여성, 170cm, 70kg,L,보통이에요,보통이에요,보통이에요,적당해요
713,166,여성, 163cm, 50kg,S,보통이에요,보통이에요,보통이에요,가벼워요
714,166,여성, 166cm, 52kg,M,보통이에요,보통이에요,보통이에요,적당해요
715,166,남성, 184cm, 88kg,2XL,커요,보통이에요,보통이에요,적당해요
716,166,남성, 170cm, 72kg,XL,보통이에요,어두워요,선명해요,가벼워요
717,166,여성, 168cm, 58kg,S,커요,보통이에요,선명해요,가벼워요
718,166,여성, 162cm, 70kg,M,커요,밝아요,선명해요,적당해요
719,166,남성, 175cm, 70kg,2XL,보통이에요,보통이에요,보통이에요,적당해요
720,166,남성, 171cm, 65kg,L,보통이에요,보통이에요,보통이에요,적당해요
721,166,여성, 156cm, 48kg,S,보통이에요,보통이에요,보통이에요,가벼워요
722,166,남성, 176cm, 64kg,M,보통이에요,보통이에요,선명해요,가벼워요
723,166,남성, 183cm, 75kg,XL,보통이에요,보통이에요,보통이에요,적당해요
724,166,여성, 165cm, 48kg,S,커요,밝아요,선명해요,가벼워요
725,166,여성, 165cm, 52kg,S,커요,어두워요,보통이에요,적당해요
726,166,남성, 182cm, 83kg,XL,보통이에요,보통이에요,보통이에요,적당해요
727,166,남성, 176cm, 60kg,M,보통이에요,보통이에요,보통이에요,적당해요
728,166,여성, 162cm, 55kg,S,보통이에요,보통이에요,보통이에요,적당해요
729,166,남성, 178cm, 75kg,L,보통이에요,보통이에요,선명해요,무거워요
730,166,남성, 173cm, 73kg,2XL,보통이에요,보통이에요,보통이에요,적당해요
731,166,남성, 175cm, 75kg,L,보통이에요,보통이에요,선명해요,적당해요
732,166,남성, 167cm, 53kg,M,보통이에요,보통이에요,보통이에요,적당해요
733,166,남성, 178cm, 69kg,L,보통이에요,어두워요,선명해요,가벼워요
734,166,여성, 167cm, 55kg,L,커요,보통이에요,보통이에요,가벼워요
735,166,남성, 178cm, 83kg,2XL,보통이에요,보통이에요,보통이에요,가벼워요
736,166,여성, 164cm, 56kg,S,커요,보통이에요,보통이에요,적당해요
737,166,남성, 177cm, 94kg,2XL,보통이에요,보통이에요,보통이에요,가벼워요
738,166,여성, 168cm, 78kg,XL,보통이에요,보통이에요,보통이에요,가벼워요
739,166,여성, 167cm, 47kg,S,보통이에요,보통이에요,보통이에요,가벼워요
740,166,여성, 165cm, 51kg,S,커요,보통이에요,보통이에요,가벼워요
741,166,남성, 180cm, 80kg,XL,보통이에요,보통이에요,보통이에요,적당해요
742,166,남성, 175cm, 110kg,2XL,보통이에요,보통이에요,보통이에요,가벼워요
743,166,여성, 166cm, 75kg,2XL,보통이에요,밝아요,보통이에요,가벼워요
744,166,여성, 161cm, 47kg,L,커요,어두워요,선명해요,가벼워요
745,166,남성, 178cm, 68kg,XL,보통이에요,보통이에요,보통이에요,적당해요
746,166,남성, 175cm, 80kg,2XL,보통이에요,보통이에요,보통이에요,가벼워요
747,166,남성, 173cm, 65kg,XL,작아요,보통이에요,보통이에요,적당해요
748,166,여성, 162cm, 57kg,S,커요,보통이에요,보통이에요,가벼워요
749,166,여성, 160cm, 55kg,S,보통이에요,보통이에요,보통이에요,적당해요
750,166,남성, 180cm, 74kg,2XL,보통이에요,보통이에요,보통이에요,적당해요
751,166,남성, 176cm, 90kg,2XL,보통이에요,보통이에요,보통이에요,가벼워요
752,166,남성, 178cm, 59kg,L,작아요,보통이에요,선명해요,가벼워요
753,166,남성, 175cm, 75kg,L,보통이에요,보통이에요,보통이에요,가벼워요
754,166,남성, 177cm, 80kg,XL,보통이에요,보통이에요,보통이에요,적당해요
755,166,여성, 170cm, 65kg,M,보통이에요,보통이에요,보통이에요,가벼워요
756,166,남성, 170cm, 74kg,XL,보통이에요,밝아요,선명해요,가벼워요
757,166,여성, 178cm, 78kg,XL,보통이에요,보통이에요,선명해요,가벼워요
758,166,남성, 170cm, 94kg,2XL,보통이에요,보통이에요,보통이에요,가벼워요
759,166,여성, 163cm, 62kg,M,보통이에요,보통이에요,보통이에요,가벼워요
760,166,여성, 163cm, 70kg,XL,보통이에요,보통이에요,보통이에요,적당해요
761,166,남성, 178cm, 91kg,2XL,보통이에요,보통이에요,선명해요,적당해요
762,166,남성, 179cm, 86kg,2XL,보통이에요,어두워요,보통이에요,적당해요
763,166,남성, 186cm, 82kg,2XL,보통이에요,보통이에요,보통이에요,적당해요
764,166,남성, 166cm, 61kg,M,보통이에요,보통이에요,보통이에요,적당해요
765,166,남성, 173cm, 70kg,2XL,보통이에요,보통이에요,보통이에요,적당해요
766,166,남성, 173cm, 70kg,L,보통이에요,보통이에요,보통이에요,적당해요
767,166,여성, 175cm, 84kg,XL,보통이에요,보통이에요,보통이에요,가벼워요
768,166,남성, 170cm, 70kg,M,보통이에요,보통이에요,보통이에요,적당해요
769,166,여성, 157cm, 44kg,S,커요,보통이에요,보통이에요,가벼워요
770,166,여성, 163cm, 57kg,S,보통이에요,보통이에요,보통이에요,적당해요
771,166,남성, 180cm, 81kg,XL,보통이에요,보통이에요,보통이에요,적당해요
772,166,남성, 163cm, 76kg,XL,보통이에요,보통이에요,보통이에요,가벼워요
773,173,남성, 172cm, 60kg,L,보통이에요,보통이에요,보통이에요,적당해요
774,173,남성, 178cm, 66kg,XL,보통이에요,어두워요,선명해요,적당해요
775,173,여성, 158cm, 47kg,S,보통이에요,보통이에요,보통이에요,적당해요
776,173,남성, 172cm, 64kg,L,보통이에요,보통이에요,선명해요,적당해요
777,173,남성, 165cm, 68kg,M,보통이에요,보통이에요,보통이에요,적당해요
778,173,남성, 174cm, 80kg,XL,보통이에요,보통이에요,보통이에요,적당해요
779,173,남성, 178cm, 70kg,L,보통이에요,보통이에요,보통이에요,가벼워요
780,173,남성, 174cm, 67kg,XL,보통이에요,어두워요,선명해요,가벼워요
781,173,남성, 160cm, 62kg,S,보통이에요,어두워요,보통이에요,가벼워요
782,182,여성, 162cm, 55kg,오트밀,보통이에요,밝아요,선명해요,보통이에요
783,182,여성, 162cm, 50kg,블랙,보통이에요,보통이에요,선명해요,두꺼워요
784,182,여성, 160cm, 60kg,오트밀,보통이에요,보통이에요,보통이에요,보통이에요
785,182,여성, 162cm, 55kg,오트밀,보통이에요,보통이에요,보통이에요,보통이에요
786,182,여성, 160cm, 53kg,오트밀,보통이에요,보통이에요,보통이에요,보통이에요
787,182,여성, 163cm, 63kg,퍼플,커요,보통이에요,흐려요,보통이에요
788,182,여성, 159cm, 53kg,오트밀,보통이에요,보통이에요,보통이에요,보통이에요
789,182,여성, 168cm, 64kg,블랙,보통이에요,보통이에요,보통이에요,두꺼워요
790,182,여성, 164cm, 58kg,오트밀,보통이에요,보통이에요,보통이에요,보통이에요
791,193,남성, 173cm, 66kg,L,보통이에요,보통이에요,보통이에요,보통이에요
792,193,남성, 172cm, 64kg,M,보통이에요,보통이에요,보통이에요,보통이에요
793,193,남성, 185cm, 82kg,XL,보통이에요,보통이에요,보통이에요,보통이에요
794,193,남성, 181cm, 78kg,XL,보통이에요,보통이에요,보통이에요,보통이에요
795,193,남성, 176cm, 75kg,XL,작아요,보통이에요,보통이에요,보통이에요
796,193,남성, 180cm, 70kg,XL,보통이에요,보통이에요,보통이에요,보통이에요
797,193,남성, 178cm, 85kg,XL,작아요,보통이에요,보통이에요,얇아요
798,193,남성, 185cm, 70kg,XL,보통이에요,어두워요,선명해요,보통이에요
799,193,남성, 178cm, 74kg,XL,보통이에요,밝아요,보통이에요,보통이에요
800,193,남성, 177cm, 74kg,XL,보통이에요,보통이에요,보통이에요,보통이에요
801,193,남성, 181cm, 75kg,XL,보통이에요,보통이에요,보통이에요,보통이에요
802,193,남성, 173cm, 69kg,M,보통이에요,보통이에요,보통이에요,보통이에요
803,193,남성, 178cm, 76kg,XL,보통이에요,보통이에요,보통이에요,보통이에요
804,193,남성, 178cm, 72kg,L,작아요,보통이에요,보통이에요,보통이에요
805,193,남성, 168cm, 70kg,L,보통이에요,보통이에요,선명해요,보통이에요
806,193,남성, 174cm, 76kg,XL,보통이에요,보통이에요,선명해요,보통이에요
807,193,남성, 176cm, 66kg,M,작아요,보통이에요,보통이에요,보통이에요
808,193,남성, 179cm, 71kg,L,보통이에요,보통이에요,보통이에요,보통이에요
809,193,남성, 184cm, 75kg,XL,작아요,어두워요,선명해요,보통이에요
810,193,남성, 168cm, 73kg,L,보통이에요,어두워요,보통이에요,보통이에요
811,197,남성, 170cm, 60kg,CGKMTS131 블랙/100_L,보통이에요,보통이에요,보통이에요,보통이에요
812,197,남성, 177cm, 73kg,CGKMTS131 블랙/100_L,보통이에요,보통이에요,보통이에요,보통이에요
813,197,남성, 189cm, 82kg,CGKMTS131 블랙/115_3XL,보통이에요,보통이에요,선명해요,보통이에요
814,197,남성, 176cm, 67kg,CGKMTS131 블랙/100_L,보통이에요,보통이에요,선명해요,보통이에요
815,197,남성, 172cm, 72kg,CGKMTS131 블랙/100_L,보통이에요,보통이에요,보통이에요,보통이에요
816,209,남성, 177cm, 66kg,CREAM/095,보통이에요,밝아요,선명해요,보통이에요
817,209,남성, 173cm, 60kg,CREAM/095,커요,밝아요,선명해요,보통이에요
818,209,남성, 173cm, 70kg,CREAM/100,보통이에요,보통이에요,보통이에요,보통이에요
819,209,남성, 180cm, 75kg,CREAM/100,보통이에요,밝아요,보통이에요,보통이에요
820,210,남성, 174cm, 62kg,S (빅오버핏),보통이에요,밝아요,선명해요,보통이에요
821,210,남성, 183cm, 75kg,L (빅오버핏),보통이에요,보통이에요,보통이에요,보통이에요
822,210,남성, 170cm, 67kg,M (빅오버핏),보통이에요,밝아요,보통이에요,얇아요
823,210,남성, 173cm, 63kg,S (빅오버핏),보통이에요,보통이에요,보통이에요,보통이에요
824,210,남성, 176cm, 85kg,M (빅오버핏),보통이에요,보통이에요,보통이에요,보통이에요
825,210,남성, 177cm, 61kg,L (빅오버핏),보통이에요,보통이에요,보통이에요,얇아요
826,210,남성, 176cm, 67kg,M (빅오버핏),보통이에요,보통이에요,보통이에요,보통이에요
827,210,남성, 175cm, 56kg,S (빅오버핏),커요,보통이에요,선명해요,얇아요
828,210,남성, 193cm, 93kg,XL (빅오버핏),보통이에요,보통이에요,보통이에요,보통이에요
829,210,남성, 178cm, 78kg,L (빅오버핏),보통이에요,보통이에요,보통이에요,보통이에요
830,210,남성, 180cm, 74kg,L (빅오버핏),보통이에요,보통이에요,보통이에요,보통이에요
831,210,남성, 174cm, 84kg,M (빅오버핏),보통이에요,보통이에요,보통이에요,보통이에요
832,210,남성, 168cm, 60kg,S (빅오버핏),보통이에요,보통이에요,보통이에요,보통이에요
833,210,남성, 170cm, 60kg,M (빅오버핏),커요,보통이에요,보통이에요,보통이에요
834,210,남성, 180cm, 75kg,XL (빅오버핏),커요,보통이에요,보통이에요,얇아요
835,210,남성, 186cm, 78kg,XL (빅오버핏),보통이에요,보통이에요,보통이에요,보통이에요
836,210,여성, 170cm, 60kg,XL (빅오버핏),커요,보통이에요,보통이에요,보통이에요
837,210,남성, 177cm, 73kg,M (빅오버핏),보통이에요,밝아요,선명해요,보통이에요
838,210,남성, 178cm, 63kg,S (빅오버핏),보통이에요,보통이에요,보통이에요,보통이에요
839,210,남성, 178cm, 63kg,S (빅오버핏),보통이에요,보통이에요,보통이에요,보통이에요
840,210,남성, 176cm, 104kg,L (빅오버핏),보통이에요,보통이에요,보통이에요,보통이에요
841,210,남성, 176cm, 104kg,L (빅오버핏),보통이에요,보통이에요,보통이에요,보통이에요
842,210,남성, 180cm, 75kg,L (빅오버핏),보통이에요,보통이에요,보통이에요,보통이에요
843,210,여성, 165cm, 53kg,S (빅오버핏),보통이에요,보통이에요,보통이에요,보통이에요
844,210,남성, 176cm, 70kg,M (빅오버핏),보통이에요,보통이에요,보통이에요,얇아요
845,210,남성, 179cm, 85kg,L (빅오버핏),보통이에요,밝아요,보통이에요,보통이에요
846,210,남성, 175cm, 73kg,M (빅오버핏),보통이에요,밝아요,보통이에요,보통이에요
847,210,남성, 168cm, 65kg,S (빅오버핏),보통이에요,보통이에요,보통이에요,보통이에요
848,210,남성, 174cm, 75kg,M (빅오버핏),보통이에요,보통이에요,보통이에요,얇아요
849,210,여성, 168cm, 56kg,M (빅오버핏),커요,보통이에요,보통이에요,얇아요
850,210,남성, 181cm, 76kg,L (빅오버핏),보통이에요,보통이에요,보통이에요,보통이에요
851,210,남성, 175cm, 85kg,L (빅오버핏),커요,보통이에요,선명해요,얇아요
852,210,남성, 165cm, 61kg,S (빅오버핏),커요,밝아요,보통이에요,보통이에요
853,210,남성, 165cm, 61kg,S (빅오버핏),커요,밝아요,보통이에요,보통이에요
854,210,여성, 155cm, 50kg,S (빅오버핏),커요,보통이에요,보통이에요,얇아요
855,210,남성, 175cm, 75kg,L (빅오버핏),커요,보통이에요,보통이에요,얇아요
856,210,남성, 173cm, 84kg,M (빅오버핏),보통이에요,보통이에요,보통이에요,보통이에요
857,210,여성, 176cm, 90kg,L (빅오버핏),보통이에요,보통이에요,보통이에요,보통이에요
858,210,남성, 181cm, 72kg,L (빅오버핏),커요,밝아요,흐려요,보통이에요
859,210,남성, 186cm, 78kg,S (빅오버핏),보통이에요,보통이에요,보통이에요,보통이에요
860,210,남성, 178cm, 50kg,M (빅오버핏),보통이에요,보통이에요,보통이에요,보통이에요
861,210,남성, 165cm, 61kg,M (빅오버핏),보통이에요,보통이에요,보통이에요,보통이에요
862,210,남성, 179cm, 80kg,L (빅오버핏),보통이에요,보통이에요,보통이에요,보통이에요
863,210,남성, 178cm, 70kg,M (빅오버핏),보통이에요,보통이에요,보통이에요,보통이에요
864,210,남성, 175cm, 75kg,S (빅오버핏),보통이에요,보통이에요,보통이에요,보통이에요
865,210,여성, 168cm, 60kg,M (빅오버핏),보통이에요,보통이에요,선명해요,얇아요
866,210,남성, 174cm, 74kg,M (빅오버핏),보통이에요,보통이에요,보통이에요,얇아요
867,210,남성, 169cm, 60kg,S (빅오버핏),보통이에요,보통이에요,보통이에요,보통이에요
868,210,남성, 178cm, 72kg,L (빅오버핏),보통이에요,보통이에요,보통이에요,보통이에요
869,210,남성, 177cm, 84kg,L (빅오버핏),보통이에요,보통이에요,보통이에요,보통이에요
870,210,남성, 176cm, 70kg,M (빅오버핏),보통이에요,보통이에요,보통이에요,보통이에요
871,210,남성, 170cm, 65kg,M (빅오버핏),보통이에요,보통이에요,보통이에요,보통이에요
872,210,여성, 165cm, 52kg,S (빅오버핏),커요,보통이에요,보통이에요,보통이에요
873,210,남성, 170cm, 69kg,M (빅오버핏),보통이에요,보통이에요,선명해요,보통이에요
874,210,남성, 179cm, 78kg,L (빅오버핏),보통이에요,보통이에요,보통이에요,보통이에요
875,210,남성, 187cm, 73kg,XL (빅오버핏),커요,밝아요,보통이에요,얇아요
876,210,남성, 167cm, 72kg,S (빅오버핏),보통이에요,보통이에요,보통이에요,보통이에요
877,210,남성, 179cm, 69kg,L (빅오버핏),보통이에요,보통이에요,보통이에요,보통이에요
878,210,남성, 172cm, 83kg,L (빅오버핏),커요,밝아요,보통이에요,얇아요
879,210,남성, 172cm, 67kg,S (빅오버핏),보통이에요,보통이에요,보통이에요,보통이에요
880,210,남성, 170cm, 63kg,M (빅오버핏),보통이에요,보통이에요,보통이에요,보통이에요
881,210,여성, 174cm, 51kg,S (빅오버핏),보통이에요,보통이에요,흐려요,보통이에요
882,210,남성, 182cm, 78kg,L (빅오버핏),보통이에요,보통이에요,보통이에요,보통이에요
883,210,여성, 161cm, 55kg,M (빅오버핏),보통이에요,보통이에요,보통이에요,보통이에요
884,210,남성, 187cm, 83kg,XL (빅오버핏),보통이에요,보통이에요,보통이에요,보통이에요
885,210,남성, 170cm, 68kg,S (빅오버핏),보통이에요,보통이에요,보통이에요,보통이에요
886,210,남성, 178cm, 65kg,M (빅오버핏),보통이에요,보통이에요,보통이에요,보통이에요
887,210,남성, 176cm, 69kg,M (빅오버핏),보통이에요,보통이에요,보통이에요,얇아요
888,210,여성, 158cm, 45kg,S (빅오버핏),커요,보통이에요,보통이에요,얇아요
889,210,남성, 176cm, 69kg,M (빅오버핏),보통이에요,밝아요,보통이에요,보통이에요
890,210,남성, 174cm, 60kg,S (빅오버핏),보통이에요,보통이에요,보통이에요,보통이에요
891,210,남성, 177cm, 77kg,M (빅오버핏),보통이에요,보통이에요,보통이에요,보통이에요
892,210,남성, 178cm, 75kg,L (빅오버핏),보통이에요,보통이에요,보통이에요,보통이에요
893,210,남성, 174cm, 74kg,L (빅오버핏),보통이에요,보통이에요,보통이에요,보통이에요
894,210,남성, 163cm, 70kg,S (빅오버핏),보통이에요,보통이에요,보통이에요,보통이에요
895,210,남성, 178cm, 85kg,L (빅오버핏),커요,밝아요,선명해요,얇아요
896,211,여성, 168cm, 63kg,M,보통이에요,보통이에요,보통이에요,보통이에요
897,212,남성, 175cm, 75kg,CREAM/090,보통이에요,보통이에요,보통이에요,보통이에요
898,212,남성, 173cm, 70kg,CREAM/080,보통이에요,보통이에요,보통이에요,보통이에요
899,212,남성, 173cm, 60kg,CREAM/080,보통이에요,보통이에요,보통이에요,보통이에요
900,217,남성, 179cm, 70kg,L,보통이에요,보통이에요,보통이에요,적당해요
901,217,남성, 176cm, 81kg,XXL,보통이에요,보통이에요,보통이에요,가벼워요
902,217,남성, 166cm, 65kg,L,보통이에요,보통이에요,보통이에요,가벼워요
903,217,남성, 183cm, 79kg,XL,보통이에요,보통이에요,보통이에요,적당해요
904,217,남성, 170cm, 62kg,M,보통이에요,보통이에요,선명해요,가벼워요
905,217,남성, 174cm, 73kg,XL,보통이에요,보통이에요,보통이에요,적당해요
906,217,남성, 180cm, 78kg,XL,보통이에요,어두워요,선명해요,가벼워요
907,217,여성, 166cm, 65kg,L,보통이에요,보통이에요,보통이에요,적당해요
908,217,남성, 180cm, 70kg,L,보통이에요,보통이에요,보통이에요,적당해요
909,217,남성, 180cm, 80kg,XL,보통이에요,보통이에요,보통이에요,적당해요
910,217,남성, 173cm, 80kg,L,보통이에요,보통이에요,보통이에요,적당해요
911,217,남성, 182cm, 75kg,L,보통이에요,어두워요,선명해요,가벼워요
912,217,남성, 173cm, 80kg,XL,보통이에요,어두워요,흐려요,가벼워요
913,217,남성, 177cm, 68kg,L,보통이에요,보통이에요,보통이에요,적당해요
914,217,남성, 178cm, 67kg,L,보통이에요,보통이에요,보통이에요,적당해요
915,217,남성, 177cm, 70kg,L,보통이에요,보통이에요,보통이에요,적당해요
916,217,남성, 175cm, 60kg,L,보통이에요,보통이에요,보통이에요,적당해요
917,217,남성, 179cm, 85kg,XL,보통이에요,어두워요,보통이에요,가벼워요
918,217,남성, 172cm, 78kg,XL,보통이에요,보통이에요,보통이에요,적당해요
919,217,남성, 183cm, 72kg,XL,보통이에요,보통이에요,보통이에요,적당해요
920,217,남성, 178cm, 73kg,L,보통이에요,보통이에요,선명해요,가벼워요
921,217,여성, 180cm, 75kg,L,보통이에요,보통이에요,보통이에요,적당해요
922,217,남성, 175cm, 71kg,L,보통이에요,어두워요,선명해요,적당해요
923,217,남성, 183cm, 75kg,XL,보통이에요,보통이에요,보통이에요,적당해요
924,217,남성, 171cm, 71kg,L,보통이에요,보통이에요,보통이에요,가벼워요
925,217,남성, 180cm, 76kg,L,보통이에요,보통이에요,보통이에요,가벼워요
926,217,남성, 170cm, 66kg,M,보통이에요,보통이에요,보통이에요,적당해요
927,217,남성, 169cm, 58kg,M,보통이에요,보통이에요,보통이에요,적당해요
928,217,남성, 173cm, 83kg,L,보통이에요,보통이에요,보통이에요,적당해요
929,217,남성, 183cm, 78kg,2XL,보통이에요,보통이에요,보통이에요,가벼워요
930,217,남성, 181cm, 70kg,L,보통이에요,보통이에요,보통이에요,적당해요
931,217,남성, 180cm, 75kg,L,보통이에요,보통이에요,보통이에요,가벼워요
932,217,남성, 177cm, 97kg,XXL,보통이에요,보통이에요,선명해요,적당해요
933,217,남성, 174cm, 80kg,XL,보통이에요,보통이에요,선명해요,가벼워요
934,217,남성, 178cm, 60kg,XL,보통이에요,보통이에요,보통이에요,적당해요
935,217,여성, 164cm, 52kg,M,보통이에요,보통이에요,보통이에요,적당해요
936,217,남성, 161cm, 58kg,M,보통이에요,보통이에요,보통이에요,적당해요
937,217,남성, 178cm, 80kg,XL,보통이에요,보통이에요,보통이에요,적당해요
938,217,여성, 172cm, 64kg,L,보통이에요,보통이에요,보통이에요,적당해요
939,217,남성, 175cm, 78kg,XL,보통이에요,보통이에요,보통이에요,적당해요
940,217,남성, 179cm, 85kg,XL,보통이에요,보통이에요,보통이에요,가벼워요
941,217,남성, 173cm, 69kg,L,작아요,보통이에요,보통이에요,가벼워요
942,217,남성, 180cm, 78kg,XL,보통이에요,보통이에요,보통이에요,적당해요
943,217,남성, 174cm, 80kg,XL,보통이에요,보통이에요,보통이에요,적당해요
944,217,남성, 180cm, 80kg,L,보통이에요,보통이에요,보통이에요,적당해요
945,217,남성, 173cm, 73kg,L,보통이에요,보통이에요,선명해요,가벼워요
946,217,남성, 173cm, 72kg,XL,보통이에요,보통이에요,보통이에요,적당해요
947,217,남성, 171cm, 65kg,M,보통이에요,보통이에요,보통이에요,가벼워요
948,217,남성, 177cm, 67kg,L,보통이에요,보통이에요,보통이에요,적당해요
949,217,남성, 173cm, 72kg,L,보통이에요,보통이에요,보통이에요,적당해요
950,217,남성, 185cm, 86kg,XL,보통이에요,보통이에요,보통이에요,적당해요
951,217,남성, 170cm, 65kg,M,보통이에요,보통이에요,보통이에요,적당해요
952,217,남성, 174cm, 80kg,XL,보통이에요,보통이에요,보통이에요,가벼워요
953,217,남성, 171cm, 65kg,2XL,보통이에요,보통이에요,보통이에요,가벼워요
954,217,남성, 168cm, 69kg,L,보통이에요,보통이에요,보통이에요,적당해요
955,217,남성, 178cm, 82kg,XL,보통이에요,보통이에요,보통이에요,적당해요
956,217,남성, 181cm, 85kg,XXL,보통이에요,보통이에요,보통이에요,적당해요
957,217,남성, 185cm, 78kg,XL,보통이에요,보통이에요,보통이에요,적당해요
958,217,남성, 185cm, 95kg,XL,보통이에요,어두워요,선명해요,가벼워요
959,217,남성, 176cm, 65kg,L,보통이에요,보통이에요,보통이에요,적당해요
960,217,남성, 180cm, 80kg,XL,커요,보통이에요,선명해요,가벼워요
961,217,남성, 183cm, 70kg,XL,보통이에요,보통이에요,보통이에요,적당해요
962,217,남성, 166cm, 63kg,L,보통이에요,보통이에요,보통이에요,적당해요
963,217,남성, 177cm, 71kg,L,보통이에요,보통이에요,보통이에요,가벼워요
964,217,남성, 171cm, 67kg,L,보통이에요,어두워요,보통이에요,가벼워요
965,217,남성, 168cm, 87kg,XL,보통이에요,보통이에요,보통이에요,가벼워요
966,217,남성, 175cm, 68kg,XL,보통이에요,보통이에요,보통이에요,적당해요
967,217,남성, 181cm, 78kg,XL,보통이에요,보통이에요,보통이에요,적당해요
968,217,남성, 168cm, 55kg,M,보통이에요,보통이에요,보통이에요,가벼워요
969,217,남성, 173cm, 68kg,M,보통이에요,보통이에요,보통이에요,적당해요
970,217,남성, 170cm, 65kg,L,보통이에요,보통이에요,보통이에요,적당해요
971,217,남성, 181cm, 100kg,XXL,보통이에요,보통이에요,선명해요,가벼워요
972,217,남성, 179cm, 70kg,L,보통이에요,보통이에요,보통이에요,적당해요
973,217,남성, 168cm, 61kg,M,보통이에요,보통이에요,보통이에요,적당해요
974,217,남성, 168cm, 61kg,L,보통이에요,보통이에요,보통이에요,적당해요
975,217,남성, 168cm, 63kg,M,보통이에요,보통이에요,보통이에요,적당해요
976,217,남성, 173cm, 71kg,L,보통이에요,보통이에요,선명해요,적당해요
977,217,남성, 175cm, 65kg,M,보통이에요,보통이에요,선명해요,가벼워요
978,217,남성, 180cm, 80kg,XL,보통이에요,보통이에요,보통이에요,가벼워요
979,217,남성, 183cm, 78kg,L,보통이에요,보통이에요,보통이에요,적당해요
980,217,남성, 173cm, 65kg,M,보통이에요,보통이에요,보통이에요,적당해요
981,217,남성, 173cm, 57kg,M,보통이에요,어두워요,선명해요,가벼워요
982,217,남성, 173cm, 60kg,M,보통이에요,보통이에요,보통이에요,적당해요
983,217,남성, 168cm, 45kg,M,보통이에요,보통이에요,보통이에요,적당해요
984,217,남성, 181cm, 81kg,L,보통이에요,보통이에요,보통이에요,적당해요
985,223,여성, 164cm, 58kg,IVORY/090,보통이에요,보통이에요,보통이에요,가벼워요
986,223,여성, 164cm, 58kg,IVORY/090,보통이에요,밝아요,보통이에요,가벼워요
987,223,여성, 160cm, 55kg,IVORY/090,보통이에요,보통이에요,보통이에요,가벼워요
988,223,여성, 163cm, 60kg,IVORY/095,보통이에요,보통이에요,선명해요,가벼워요
989,223,여성, 163cm, 70kg,IVORY/095,보통이에요,밝아요,선명해요,가벼워요
990,223,여성, 164cm, 55kg,IVORY/095,보통이에요,보통이에요,보통이에요,적당해요
991,223,여성, 154cm, 48kg,IVORY/090,보통이에요,밝아요,선명해요,적당해요
992,223,여성, 155cm, 55kg,IVORY/090,보통이에요,밝아요,선명해요,가벼워요
993,223,여성, 160cm, 43kg,IVORY/085,보통이에요,보통이에요,보통이에요,적당해요
994,223,여성, 162cm, 65kg,IVORY/095,커요,보통이에요,보통이에요,가벼워요
995,223,남성, 182cm, 80kg,IVORY/095,보통이에요,보통이에요,보통이에요,적당해요
996,223,여성, 168cm, 48kg,IVORY/095,보통이에요,보통이에요,보통이에요,적당해요
997,223,여성, 151cm, 41kg,IVORY/090,보통이에요,보통이에요,보통이에요,가벼워요
998,223,여성, 154cm, 45kg,IVORY/085,커요,보통이에요,보통이에요,가벼워요
999,223,여성, 163cm, 65kg,IVORY/090,보통이에요,보통이에요,선명해요,적당해요
1000,230,남성, 186cm, 82kg,XL,보통이에요,보통이에요,보통이에요,보통이에요
1001,235,여성, 165cm, 55kg,블랙/F,보통이에요,보통이에요,보통이에요,보통이에요
1002,235,여성, 173cm, 58kg,아이보리/F,보통이에요,보통이에요,보통이에요,보통이에요
1003,235,여성, 162cm, 65kg,블랙/F,커요,밝아요,선명해요,보통이에요
1004,246,여성, 166cm, 48kg,S(55~66),커요,어두워요,보통이에요,두꺼워요
1005,246,여성, 160cm, 46kg,S(55~66),보통이에요,어두워요,선명해요,두꺼워요
1006,246,여성, 166cm, 55kg,S(55~66),커요,보통이에요,보통이에요,두꺼워요
1007,246,여성, 158cm, 46kg,S(55~66),커요,보통이에요,보통이에요,두꺼워요
1008,246,여성, 164cm, 55kg,M(77~88),보통이에요,보통이에요,보통이에요,두꺼워요
1009,246,여성, 159cm, 42kg,S(55~66),보통이에요,보통이에요,보통이에요,보통이에요
1010,246,여성, 162cm, 54kg,S(55~66),보통이에요,보통이에요,보통이에요,두꺼워요
1011,246,여성, 160cm, 55kg,S(55~66),보통이에요,보통이에요,보통이에요,두꺼워요
1012,246,여성, 165cm, 57kg,S(55~66),보통이에요,보통이에요,보통이에요,두꺼워요
1013,246,여성, 155cm, 55kg,S(55~66),보통이에요,보통이에요,보통이에요,보통이에요
1014,246,여성, 155cm, 44kg,S(55~66),커요,보통이에요,보통이에요,보통이에요
1015,246,여성, 163cm, 43kg,S(55~66),보통이에요,보통이에요,보통이에요,보통이에요
1016,246,여성, 169cm, 56kg,M(77~88),보통이에요,보통이에요,보통이에요,보통이에요
1017,246,여성, 166cm, 50kg,S(55~66),커요,어두워요,선명해요,두꺼워요
1018,246,여성, 165cm, 53kg,S(55~66),보통이에요,보통이에요,보통이에요,두꺼워요
1019,246,여성, 158cm, 50kg,S(55~66),커요,보통이에요,보통이에요,두꺼워요
1020,246,여성, 155cm, 45kg,S(55~66),보통이에요,보통이에요,보통이에요,보통이에요
1021,246,여성, 154cm, 48kg,S(55~66),보통이에요,보통이에요,선명해요,두꺼워요
1022,246,여성, 158cm, 55kg,M(77~88),커요,어두워요,보통이에요,두꺼워요
1023,246,여성, 163cm, 53kg,S(55~66),커요,어두워요,선명해요,두꺼워요
1024,246,여성, 165cm, 55kg,M(77~88),커요,보통이에요,보통이에요,보통이에요
1025,246,여성, 158cm, 45kg,S(55~66),커요,보통이에요,보통이에요,두꺼워요
1026,246,여성, 167cm, 53kg,M(77~88),보통이에요,보통이에요,보통이에요,두꺼워요
1027,246,여성, 168cm, 63kg,S(55~66),보통이에요,보통이에요,보통이에요,보통이에요
1028,246,여성, 175cm, 69kg,M(77~88),작아요,보통이에요,보통이에요,두꺼워요
1029,246,여성, 165cm, 48kg,S(55~66),커요,어두워요,선명해요,두꺼워요
1030,246,여성, 163cm, 60kg,M(77~88),커요,보통이에요,보통이에요,보통이에요
1031,246,여성, 168cm, 56kg,S(55~66),보통이에요,보통이에요,보통이에요,두꺼워요
1032,246,여성, 163cm, 49kg,S(55~66),보통이에요,보통이에요,보통이에요,보통이에요
1033,246,여성, 161cm, 49kg,S(55~66),보통이에요,어두워요,보통이에요,보통이에요
1034,246,여성, 164cm, 52kg,S(55~66),커요,보통이에요,보통이에요,두꺼워요
1035,246,여성, 152cm, 38kg,S(55~66),보통이에요,보통이에요,보통이에요,보통이에요
1036,246,여성, 162cm, 54kg,S(55~66),커요,보통이에요,선명해요,두꺼워요
1037,246,여성, 167cm, 60kg,M(77~88),커요,어두워요,선명해요,두꺼워요
1038,246,여성, 165cm, 53kg,S(55~66),커요,보통이에요,보통이에요,보통이에요
1039,246,여성, 168cm, 55kg,S(55~66),작아요,보통이에요,보통이에요,두꺼워요
1040,246,여성, 158cm, 55kg,S(55~66),커요,보통이에요,보통이에요,두꺼워요
1041,246,여성, 159cm, 49kg,S(55~66),보통이에요,어두워요,선명해요,두꺼워요
1042,246,여성, 160cm, 58kg,M(77~88),커요,보통이에요,보통이에요,두꺼워요
1043,246,여성, 158cm, 55kg,S(55~66),보통이에요,보통이에요,보통이에요,두꺼워요
1044,246,여성, 160cm, 45kg,S(55~66),보통이에요,보통이에요,선명해요,두꺼워요
1045,246,여성, 162cm, 54kg,S(55~66),커요,보통이에요,보통이에요,두꺼워요
1046,246,여성, 160cm, 53kg,S(55~66),보통이에요,보통이에요,보통이에요,보통이에요
1047,246,여성, 162cm, 70kg,M(77~88),커요,보통이에요,보통이에요,두꺼워요
1048,246,여성, 164cm, 43kg,S(55~66),보통이에요,보통이에요,보통이에요,보통이에요
1049,246,여성, 154cm, 47kg,S(55~66),보통이에요,보통이에요,선명해요,두꺼워요
1050,246,여성, 164cm, 60kg,S(55~66),커요,보통이에요,보통이에요,보통이에요
1051,246,여성, 160cm, 50kg,S(55~66),커요,어두워요,선명해요,두꺼워요
1052,246,여성, 160cm, 46kg,S(55~66),보통이에요,보통이에요,보통이에요,보통이에요
1053,246,여성, 162cm, 55kg,S(55~66),보통이에요,보통이에요,선명해요,두꺼워요
1054,246,여성, 160cm, 52kg,S(55~66),커요,보통이에요,보통이에요,두꺼워요
1055,246,여성, 158cm, 48kg,S(55~66),보통이에요,보통이에요,보통이에요,두꺼워요
1056,246,여성, 153cm, 60kg,S(55~66),보통이에요,어두워요,선명해요,보통이에요
1057,246,여성, 160cm, 50kg,S(55~66),커요,보통이에요,선명해요,두꺼워요
1058,246,여성, 164cm, 48kg,S(55~66),보통이에요,보통이에요,보통이에요,보통이에요
1059,246,여성, 170cm, 55kg,S(55~66),보통이에요,보통이에요,보통이에요,두꺼워요
1060,246,여성, 161cm, 48kg,S(55~66),커요,보통이에요,보통이에요,두꺼워요
1061,246,여성, 160cm, 43kg,S(55~66),커요,어두워요,선명해요,두꺼워요
1062,246,여성, 160cm, 45kg,S(55~66),커요,보통이에요,보통이에요,보통이에요
1063,246,여성, 170cm, 65kg,S(55~66),보통이에요,어두워요,보통이에요,보통이에요
1064,246,여성, 163cm, 46kg,S(55~66),보통이에요,보통이에요,보통이에요,보통이에요
1065,246,여성, 158cm, 54kg,S(55~66),커요,보통이에요,선명해요,두꺼워요
1066,247,여성, 148cm, 43kg,카키,커요,보통이에요,보통이에요,얇아요
1067,247,여성, 148cm, 43kg,블랙,커요,어두워요,선명해요,얇아요
1068,248,여성, 156cm, 44kg,none,보통이에요,보통이에요,보통이에요,보통이에요
1069,262,여성, 164cm, 50kg,XS55,보통이에요,보통이에요,보통이에요,보통이에요
1070,263,여성, 165cm, 54kg,M,커요,보통이에요,보통이에요,보통이에요
1071,263,여성, 165cm, 46kg,M,커요,보통이에요,선명해요,두꺼워요
1072,263,여성, 168cm, 57kg,M,커요,밝아요,선명해요,두꺼워요
1073,263,여성, 162cm, 56kg,M,보통이에요,보통이에요,선명해요,보통이에요
1074,282,여성, 158cm, 56kg,WHITE/095,커요,보통이에요,보통이에요,적당해요
1075,282,여성, 158cm, 56kg,WHITE/095,보통이에요,밝아요,선명해요,가벼워요
1076,282,여성, 160cm, 64kg,WHITE/095,작아요,보통이에요,보통이에요,가벼워요
1077,282,여성, 160cm, 50kg,WHITE/090,보통이에요,보통이에요,보통이에요,적당해요
1078,282,여성, 168cm, 59kg,WHITE/095,보통이에요,밝아요,선명해요,가벼워요
1079,282,여성, 166cm, 48kg,WHITE/085,커요,밝아요,선명해요,가벼워요
1080,282,여성, 168cm, 58kg,WHITE/090,보통이에요,보통이에요,보통이에요,적당해요
1081,282,남성, 170cm, 58kg,WHITE/085,보통이에요,보통이에요,보통이에요,적당해요
1082,282,여성, 163cm, 55kg,WHITE/095,보통이에요,밝아요,보통이에요,가벼워요
1083,282,여성, 169cm, 53kg,WHITE/085,보통이에요,보통이에요,보통이에요,적당해요
1084,282,여성, 160cm, 50kg,WHITE/090,보통이에요,보통이에요,보통이에요,적당해요
1085,282,여성, 164cm, 48kg,WHITE/085,커요,밝아요,선명해요,가벼워요
1086,282,여성, 160cm, 53kg,WHITE/085,보통이에요,보통이에요,보통이에요,적당해요
1087,282,여성, 157cm, 40kg,WHITE/085,보통이에요,보통이에요,보통이에요,적당해요
1088,283,여성, 160cm, 48kg,블랙,보통이에요,보통이에요,보통이에요,얇아요
1089,284,여성, 156cm, 44kg,none,보통이에요,보통이에요,보통이에요,보통이에요
1090,295,남성, 189cm, 92kg,XL(105),보통이에요,어두워요,선명해요,적당해요
1091,295,남성, 170cm, 90kg,XL(105),보통이에요,보통이에요,선명해요,가벼워요
1092,295,남성, 174cm, 72kg,L(100),보통이에요,보통이에요,보통이에요,적당해요
1093,295,남성, 178cm, 74kg,L(100),커요,보통이에요,보통이에요,적당해요
1094,295,여성, 165cm, 65kg,M(95),커요,보통이에요,보통이에요,적당해요
1095,295,남성, 177cm, 71kg,XL(105),커요,보통이에요,보통이에요,적당해요
1096,295,남성, 177cm, 76kg,XL(105),커요,밝아요,선명해요,가벼워요
1097,295,남성, 168cm, 60kg,M(95),보통이에요,보통이에요,선명해요,적당해요
1098,295,여성, 169cm, 55kg,L(100),보통이에요,보통이에요,보통이에요,적당해요
1099,295,남성, 180cm, 84kg,XL(105),커요,보통이에요,선명해요,가벼워요
1100,311,남성, 176cm, 72kg,2XL,보통이에요,보통이에요,보통이에요,얇아요
1101,311,남성, 181cm, 80kg,XL,보통이에요,보통이에요,보통이에요,얇아요
1102,311,남성, 180cm, 100kg,2XL,작아요,보통이에요,보통이에요,보통이에요
1103,312,남성, 179cm, 74kg,L,보통이에요,보통이에요,보통이에요,얇아요
1104,312,남성, 178cm, 80kg,XL,보통이에요,보통이에요,보통이에요,보통이에요
1105,312,남성, 180cm, 100kg,2XL,보통이에요,보통이에요,보통이에요,보통이에요
1106,312,남성, 168cm, 55kg,L,보통이에요,보통이에요,보통이에요,보통이에요
1107,312,남성, 179cm, 70kg,XL,보통이에요,보통이에요,보통이에요,보통이에요
1108,312,남성, 179cm, 74kg,L,보통이에요,보통이에요,선명해요,보통이에요
1109,312,여성, 156cm, 56kg,S,보통이에요,어두워요,선명해요,얇아요
1110,312,남성, 167cm, 64kg,L,보통이에요,보통이에요,보통이에요,보통이에요
1111,312,남성, 184cm, 75kg,XL,보통이에요,보통이에요,선명해요,보통이에요
1112,312,남성, 174cm, 74kg,L,보통이에요,보통이에요,보통이에요,보통이에요
1113,312,남성, 181cm, 76kg,XL,보통이에요,보통이에요,보통이에요,얇아요
1114,312,남성, 183cm, 73kg,XL,보통이에요,보통이에요,보통이에요,얇아요
1115,312,남성, 178cm, 77kg,XL,보통이에요,보통이에요,선명해요,보통이에요
1116,313,남성, 176cm, 62kg,29,보통이에요,밝아요,선명해요,보통이에요
1117,319,여성, 166cm, 52kg,F,보통이에요,보통이에요,보통이에요,보통이에요
1118,319,여성, 156cm, 53kg,F,보통이에요,보통이에요,보통이에요,얇아요
1119,319,여성, 155cm, 47kg,F,보통이에요,보통이에요,보통이에요,얇아요
1120,319,여성, 166cm, 52kg,F,보통이에요,보통이에요,선명해요,얇아요
1121,319,여성, 170cm, 60kg,F,보통이에요,보통이에요,보통이에요,얇아요
1122,319,여성, 160cm, 52kg,F,보통이에요,보통이에요,보통이에요,얇아요
1123,324,여성, 158cm, 53kg,black mix/FREE,커요,어두워요,선명해요,적당해요
1124,345,여성, 160cm, 58kg,none,보통이에요,보통이에요,선명해요,보통이에요
1125,346,여성, 165cm, 55kg,LIGHTYELLOW/095,보통이에요,밝아요,선명해요,두꺼워요
1126,353,여성, 158cm, 52kg,FREE,보통이에요,보통이에요,선명해요,얇아요
1127,363,남성, 176cm, 94kg,L,보통이에요,보통이에요,보통이에요,보통이에요
1128,364,남성, 174cm, 88kg,M,보통이에요,보통이에요,보통이에요,보통이에요
1129,364,남성, 175cm, 65kg,L,보통이에요,보통이에요,선명해요,보통이에요
1130,364,남성, 174cm, 74kg,M,보통이에요,보통이에요,보통이에요,두꺼워요
1131,376,남성, 168cm, 63kg,M,보통이에요,보통이에요,보통이에요,보통이에요
1132,376,남성, 172cm, 66kg,M,보통이에요,보통이에요,보통이에요,보통이에요
1133,376,여성, 162cm, 54kg,M,커요,보통이에요,보통이에요,두꺼워요
1134,382,남성, 170cm, 74kg,CHB1UTS0108 오프화이트/S,보통이에요,보통이에요,선명해요,보통이에요
1135,385,남성, 176cm, 68kg,L,보통이에요,보통이에요,선명해요,보통이에요
1136,385,남성, 171cm, 60kg,L,보통이에요,보통이에요,보통이에요,보통이에요
1137,385,남성, 177cm, 65kg,M,보통이에요,보통이에요,보통이에요,보통이에요
1138,385,남성, 177cm, 71kg,M,보통이에요,밝아요,보통이에요,얇아요
1139,385,남성, 178cm, 70kg,M,보통이에요,밝아요,선명해요,보통이에요
1140,385,남성, 168cm, 62kg,M,보통이에요,보통이에요,보통이에요,보통이에요
1141,385,남성, 171cm, 63kg,M,보통이에요,보통이에요,보통이에요,보통이에요
1142,385,남성, 180cm, 85kg,L,보통이에요,보통이에요,보통이에요,보통이에요
1143,385,남성, 165cm, 80kg,M,보통이에요,보통이에요,보통이에요,보통이에요
1144,385,남성, 177cm, 75kg,L,보통이에요,보통이에요,보통이에요,보통이에요
1145,385,남성, 181cm, 72kg,L,커요,보통이에요,보통이에요,얇아요
1146,385,남성, 176cm, 63kg,M,보통이에요,보통이에요,보통이에요,보통이에요
1147,385,남성, 174cm, 66kg,M,보통이에요,보통이에요,보통이에요,보통이에요
1148,385,남성, 172cm, 56kg,M,보통이에요,보통이에요,보통이에요,보통이에요
1149,385,남성, 180cm, 85kg,L,보통이에요,보통이에요,보통이에요,보통이에요
1150,385,남성, 172cm, 75kg,L,커요,보통이에요,선명해요,보통이에요
1151,389,남성, 183cm, 90kg,2XL,보통이에요,보통이에요,보통이에요,보통이에요
1152,394,남성, 178cm, 70kg,녹색/032,보통이에요,보통이에요,보통이에요,보통이에요
1153,401,남성, 179cm, 72kg,003,보통이에요,밝아요,선명해요,보통이에요
1154,401,남성, 180cm, 80kg,005,커요,밝아요,선명해요,두꺼워요
1155,406,여성, 159cm, 50kg,SUGAR SWIZZLE IVORY/090,보통이에요,보통이에요,보통이에요,두꺼워요
1156,406,여성, 162cm, 52kg,SUGAR SWIZZLE IVORY/090,보통이에요,보통이에요,보통이에요,보통이에요
1157,406,여성, 157cm, 44kg,SUGAR SWIZZLE IVORY/090,커요,밝아요,보통이에요,두꺼워요
1158,406,여성, 166cm, 49kg,SUGAR SWIZZLE IVORY/090,보통이에요,밝아요,선명해요,두꺼워요
1159,406,여성, 159cm, 50kg,SUGAR SWIZZLE IVORY/090,커요,보통이에요,보통이에요,두꺼워요
1160,406,여성, 160cm, 50kg,SUGAR SWIZZLE IVORY/090,커요,밝아요,선명해요,두꺼워요
1161,406,여성, 165cm, 55kg,SUGAR SWIZZLE IVORY/090,보통이에요,밝아요,선명해요,두꺼워요
1162,406,여성, 165cm, 50kg,SUGAR SWIZZLE IVORY/090,보통이에요,보통이에요,보통이에요,보통이에요
1163,406,여성, 165cm, 55kg,SUGAR SWIZZLE IVORY/090,보통이에요,밝아요,선명해요,두꺼워요
1164,406,여성, 161cm, 54kg,SUGAR SWIZZLE IVORY/090,보통이에요,보통이에요,보통이에요,보통이에요
1165,406,여성, 163cm, 51kg,SUGAR SWIZZLE IVORY/090,보통이에요,보통이에요,보통이에요,보통이에요
1166,406,여성, 159cm, 60kg,SUGAR SWIZZLE IVORY/095,보통이에요,보통이에요,보통이에요,두꺼워요
1167,406,여성, 155cm, 41kg,SUGAR SWIZZLE IVORY/085,보통이에요,밝아요,선명해요,보통이에요
1168,406,여성, 160cm, 48kg,SUGAR SWIZZLE IVORY/090,보통이에요,밝아요,보통이에요,두꺼워요
1169,406,여성, 155cm, 44kg,SUGAR SWIZZLE IVORY/085,커요,밝아요,선명해요,보통이에요
1170,406,여성, 162cm, 45kg,SUGAR SWIZZLE IVORY/090,보통이에요,보통이에요,보통이에요,두꺼워요
1171,406,여성, 151cm, 44kg,SUGAR SWIZZLE IVORY/090,보통이에요,밝아요,선명해요,보통이에요
1172,406,남성, 175cm, 73kg,SUGAR SWIZZLE IVORY/085,보통이에요,보통이에요,보통이에요,보통이에요
1173,406,여성, 150cm, 48kg,SUGAR SWIZZLE IVORY/095,보통이에요,보통이에요,선명해요,보통이에요
1174,406,여성, 158cm, 44kg,SUGAR SWIZZLE IVORY/090,보통이에요,밝아요,선명해요,두꺼워요
1175,406,여성, 154cm, 36kg,SUGAR SWIZZLE IVORY/085,보통이에요,보통이에요,보통이에요,보통이에요
1176,406,여성, 160cm, 54kg,SUGAR SWIZZLE IVORY/090,보통이에요,밝아요,선명해요,보통이에요
1177,406,여성, 160cm, 48kg,SUGAR SWIZZLE IVORY/095,보통이에요,밝아요,선명해요,두꺼워요
1178,406,남성, 175cm, 75kg,SUGAR SWIZZLE IVORY/085,보통이에요,보통이에요,보통이에요,보통이에요
1179,406,여성, 164cm, 47kg,SUGAR SWIZZLE IVORY/090,보통이에요,밝아요,보통이에요,두꺼워요
1180,406,여성, 159cm, 52kg,SUGAR SWIZZLE IVORY/090,보통이에요,밝아요,선명해요,두꺼워요
1181,408,여성, 160cm, 52kg,none,보통이에요,보통이에요,보통이에요,보통이에요
1182,415,여성, 168cm, 55kg,Small,보통이에요,보통이에요,보통이에요,두꺼워요
1183,415,남성, 173cm, 68kg,Medium,보통이에요,밝아요,선명해요,보통이에요
1184,415,여성, 158cm, 50kg,Small,보통이에요,보통이에요,선명해요,보통이에요
1185,415,여성, 157cm, 52kg,Small,보통이에요,밝아요,선명해요,두꺼워요
1186,415,여성, 158cm, 44kg,Small,보통이에요,보통이에요,선명해요,보통이에요
1187,415,여성, 155cm, 46kg,Small,보통이에요,보통이에요,보통이에요,보통이에요
1188,415,여성, 165cm, 44kg,Medium,보통이에요,보통이에요,보통이에요,보통이에요
1189,415,남성, 172cm, 72kg,Medium,보통이에요,보통이에요,선명해요,보통이에요
1190,415,여성, 170cm, 56kg,Small,보통이에요,보통이에요,보통이에요,보통이에요
1191,415,남성, 172cm, 77kg,Medium,보통이에요,보통이에요,선명해요,두꺼워요
1192,415,남성, 173cm, 62kg,Medium,보통이에요,보통이에요,선명해요,보통이에요
1193,422,여성, 161cm, 45kg,L,보통이에요,보통이에요,보통이에요,보통이에요
1194,422,여성, 161cm, 54kg,M,보통이에요,보통이에요,보통이에요,보통이에요
1195,422,여성, 165cm, 50kg,M,보통이에요,보통이에요,보통이에요,보통이에요
1196,422,여성, 168cm, 48kg,M,커요,밝아요,보통이에요,보통이에요
1197,422,남성, 179cm, 76kg,L,보통이에요,보통이에요,보통이에요,보통이에요
1198,422,남성, 169cm, 70kg,L,보통이에요,보통이에요,보통이에요,얇아요
1199,432,여성, 170cm, 58kg,M(95),보통이에요,보통이에요,보통이에요,보통이에요
1200,432,남성, 173cm, 75kg,XL(105),보통이에요,밝아요,선명해요,보통이에요
1201,440,남성, 174cm, 68kg,L,보통이에요,보통이에요,보통이에요,보통이에요
1202,440,남성, 173cm, 77kg,XL,보통이에요,보통이에요,보통이에요,보통이에요
1203,440,남성, 175cm, 69kg,L,보통이에요,보통이에요,보통이에요,보통이에요
1204,440,남성, 174cm, 75kg,XL,보통이에요,밝아요,선명해요,보통이에요
1205,440,여성, 170cm, 70kg,L,커요,보통이에요,보통이에요,보통이에요
1206,440,남성, 183cm, 94kg,3XL,보통이에요,보통이에요,보통이에요,보통이에요
1207,440,남성, 183cm, 94kg,3XL,보통이에요,밝아요,선명해요,보통이에요
1208,440,남성, 174cm, 65kg,XL,보통이에요,보통이에요,보통이에요,보통이에요
1209,440,남성, 167cm, 72kg,XL,커요,보통이에요,보통이에요,보통이에요
1210,440,남성, 174cm, 65kg,L,보통이에요,보통이에요,보통이에요,보통이에요
1211,440,남성, 171cm, 84kg,L,보통이에요,보통이에요,선명해요,보통이에요
1212,440,남성, 171cm, 84kg,L,보통이에요,보통이에요,보통이에요,보통이에요
1213,440,남성, 173cm, 63kg,L,보통이에요,보통이에요,보통이에요,보통이에요
1214,440,남성, 177cm, 81kg,2XL,보통이에요,보통이에요,보통이에요,보통이에요
1215,440,남성, 173cm, 58kg,M,보통이에요,보통이에요,보통이에요,보통이에요
1216,440,남성, 177cm, 72kg,M,보통이에요,밝아요,선명해요,보통이에요
1217,440,남성, 169cm, 75kg,2XL,보통이에요,보통이에요,보통이에요,얇아요
1218,440,남성, 169cm, 75kg,2XL,보통이에요,보통이에요,보통이에요,얇아요
1219,440,남성, 168cm, 65kg,M,보통이에요,밝아요,보통이에요,보통이에요
1220,440,남성, 173cm, 65kg,M,보통이에요,보통이에요,보통이에요,보통이에요
1221,440,남성, 180cm, 84kg,XL,작아요,보통이에요,보통이에요,보통이에요
1222,440,남성, 175cm, 64kg,L,보통이에요,보통이에요,보통이에요,보통이에요
1223,440,남성, 180cm, 67kg,XL,보통이에요,보통이에요,보통이에요,보통이에요
1224,440,남성, 168cm, 60kg,XL,보통이에요,보통이에요,보통이에요,보통이에요
1225,440,남성, 180cm, 78kg,2XL,보통이에요,보통이에요,보통이에요,보통이에요
1226,440,남성, 172cm, 58kg,M,보통이에요,보통이에요,보통이에요,보통이에요
1227,440,남성, 183cm, 90kg,3XL,커요,밝아요,선명해요,보통이에요
1228,440,남성, 176cm, 78kg,L,보통이에요,보통이에요,선명해요,보통이에요
1229,440,남성, 176cm, 78kg,L,보통이에요,보통이에요,선명해요,보통이에요
1230,440,남성, 178cm, 70kg,L,보통이에요,밝아요,선명해요,보통이에요
1231,440,남성, 178cm, 62kg,L,보통이에요,보통이에요,보통이에요,보통이에요
1232,440,남성, 185cm, 75kg,2XL,보통이에요,보통이에요,보통이에요,보통이에요
1233,440,남성, 174cm, 75kg,XL,보통이에요,보통이에요,보통이에요,보통이에요
1234,440,남성, 174cm, 52kg,M,보통이에요,보통이에요,보통이에요,보통이에요
1235,440,남성, 185cm, 80kg,XL,보통이에요,어두워요,선명해요,얇아요
1236,440,남성, 185cm, 80kg,XL,보통이에요,보통이에요,선명해요,얇아요
1237,440,남성, 180cm, 90kg,2XL,보통이에요,보통이에요,보통이에요,보통이에요
1238,440,남성, 178cm, 70kg,XL,작아요,보통이에요,선명해요,보통이에요
1239,440,남성, 178cm, 80kg,L,보통이에요,보통이에요,보통이에요,보통이에요
1240,440,남성, 167cm, 75kg,L,보통이에요,밝아요,선명해요,보통이에요
1241,440,남성, 176cm, 75kg,XL,보통이에요,보통이에요,보통이에요,보통이에요
1242,440,남성, 182cm, 83kg,XL,보통이에요,보통이에요,보통이에요,보통이에요
1243,440,남성, 173cm, 61kg,M,보통이에요,밝아요,보통이에요,보통이에요
1244,440,남성, 177cm, 79kg,XL,보통이에요,보통이에요,보통이에요,보통이에요
1245,440,남성, 174cm, 58kg,M,보통이에요,보통이에요,보통이에요,보통이에요
1246,440,남성, 174cm, 67kg,L,보통이에요,보통이에요,보통이에요,보통이에요
1247,440,남성, 178cm, 70kg,XL,작아요,보통이에요,보통이에요,보통이에요
1248,440,남성, 183cm, 95kg,3XL,보통이에요,보통이에요,보통이에요,보통이에요
1249,440,남성, 177cm, 66kg,L,보통이에요,보통이에요,보통이에요,보통이에요
1250,440,남성, 178cm, 105kg,3XL,보통이에요,보통이에요,보통이에요,보통이에요
1251,440,남성, 168cm, 60kg,L,보통이에요,보통이에요,보통이에요,보통이에요
1252,440,남성, 177cm, 77kg,XL,보통이에요,보통이에요,보통이에요,보통이에요
1253,440,남성, 177cm, 77kg,XL,보통이에요,보통이에요,보통이에요,보통이에요
1254,440,여성, 170cm, 70kg,L,보통이에요,보통이에요,보통이에요,보통이에요
1255,440,여성, 170cm, 70kg,L,보통이에요,보통이에요,보통이에요,보통이에요
1256,440,남성, 180cm, 61kg,XL,보통이에요,보통이에요,보통이에요,보통이에요
1257,440,남성, 175cm, 90kg,3XL,보통이에요,보통이에요,보통이에요,보통이에요
1258,440,남성, 175cm, 90kg,3XL,보통이에요,보통이에요,보통이에요,보통이에요
1259,440,남성, 176cm, 69kg,L,보통이에요,보통이에요,보통이에요,보통이에요
1260,440,남성, 177cm, 72kg,M,보통이에요,보통이에요,보통이에요,보통이에요
1261,440,남성, 168cm, 60kg,M,보통이에요,보통이에요,보통이에요,보통이에요
1262,440,남성, 168cm, 60kg,M,보통이에요,보통이에요,보통이에요,보통이에요
1263,440,남성, 174cm, 64kg,L,보통이에요,보통이에요,보통이에요,보통이에요
1264,440,남성, 168cm, 62kg,M,보통이에요,보통이에요,선명해요,보통이에요
1265,440,남성, 179cm, 71kg,L,보통이에요,밝아요,선명해요,보통이에요
1266,440,남성, 175cm, 65kg,L,보통이에요,밝아요,선명해요,얇아요
1267,440,남성, 174cm, 67kg,L,보통이에요,밝아요,선명해요,보통이에요
1268,440,남성, 170cm, 80kg,L,보통이에요,밝아요,보통이에요,보통이에요
1269,440,남성, 180cm, 85kg,2XL,커요,어두워요,보통이에요,두꺼워요
1270,440,남성, 170cm, 60kg,L,보통이에요,보통이에요,보통이에요,보통이에요
1271,440,남성, 170cm, 60kg,L,보통이에요,보통이에요,보통이에요,보통이에요
1272,440,남성, 174cm, 74kg,M,보통이에요,보통이에요,보통이에요,보통이에요
1273,440,남성, 165cm, 55kg,M,보통이에요,보통이에요,보통이에요,보통이에요
1274,440,남성, 171cm, 70kg,L,보통이에요,보통이에요,보통이에요,보통이에요
1275,440,남성, 170cm, 75kg,L,보통이에요,보통이에요,보통이에요,보통이에요
1276,440,남성, 180cm, 68kg,L,보통이에요,보통이에요,보통이에요,보통이에요
1277,440,남성, 180cm, 68kg,L,보통이에요,보통이에요,보통이에요,보통이에요
1278,440,남성, 181cm, 68kg,L,보통이에요,보통이에요,보통이에요,보통이에요
1279,440,남성, 178cm, 83kg,XL,보통이에요,보통이에요,선명해요,보통이에요
1280,440,남성, 168cm, 58kg,M,보통이에요,보통이에요,보통이에요,보통이에요
1281,440,남성, 168cm, 58kg,M,보통이에요,보통이에요,보통이에요,보통이에요
1282,440,남성, 172cm, 68kg,L,작아요,보통이에요,보통이에요,보통이에요
1283,440,남성, 175cm, 65kg,M,보통이에요,보통이에요,선명해요,보통이에요
1284,440,남성, 185cm, 68kg,2XL,보통이에요,보통이에요,보통이에요,보통이에요
1285,440,여성, 157cm, 57kg,M,보통이에요,보통이에요,보통이에요,얇아요
1286,440,남성, 178cm, 83kg,XL,보통이에요,보통이에요,보통이에요,보통이에요
1287,440,남성, 172cm, 69kg,L,보통이에요,보통이에요,보통이에요,두꺼워요
1288,440,남성, 172cm, 69kg,L,보통이에요,보통이에요,보통이에요,두꺼워요
1289,454,여성, 161cm, 53kg,FREE,보통이에요,밝아요,보통이에요,보통이에요
1290,454,여성, 153cm, 40kg,FREE,보통이에요,보통이에요,보통이에요,보통이에요
1291,454,여성, 163cm, 52kg,FREE,보통이에요,보통이에요,보통이에요,얇아요
1292,454,여성, 175cm, 55kg,FREE,보통이에요,밝아요,선명해요,얇아요
1293,454,여성, 164cm, 49kg,FREE,보통이에요,밝아요,선명해요,두꺼워요
1294,454,여성, 169cm, 51kg,FREE,보통이에요,보통이에요,보통이에요,얇아요
1295,465,여성, 167cm, 44kg,none,보통이에요,보통이에요,선명해요,보통이에요
1296,465,여성, 168cm, 56kg,none,보통이에요,보통이에요,보통이에요,보통이에요
1297,465,여성, 170cm, 56kg,none,보통이에요,보통이에요,선명해요,보통이에요
1298,471,남성, 183cm, 90kg,CGKMJK1615 블랙/105_XL,보통이에요,보통이에요,보통이에요,보통이에요
1299,471,남성, 178cm, 85kg,CGKMJK1615 블랙/105_XL,보통이에요,보통이에요,보통이에요,보통이에요
1300,472,여성, 157cm, 39kg,1,보통이에요,보통이에요,보통이에요,보통이에요
1301,472,여성, 165cm, 45kg,1,보통이에요,보통이에요,보통이에요,보통이에요
1302,472,여성, 167cm, 54kg,1,보통이에요,보통이에요,보통이에요,보통이에요
1303,472,여성, 170cm, 56kg,1,보통이에요,보통이에요,보통이에요,보통이에요
1304,472,여성, 162cm, 54kg,1,보통이에요,보통이에요,보통이에요,보통이에요
1305,472,여성, 157cm, 48kg,1,보통이에요,보통이에요,보통이에요,보통이에요
1306,472,남성, 180cm, 83kg,2,보통이에요,보통이에요,선명해요,보통이에요
1307,489,남성, 163cm, 58kg,주황색(브론즈)/S,커요,밝아요,선명해요,보통이에요
1308,493,여성, 168cm, 57kg,ONE SIZE,보통이에요,보통이에요,보통이에요,보통이에요
1309,493,여성, 168cm, 56kg,ONE SIZE,보통이에요,보통이에요,보통이에요,보통이에요
1310,504,남성, 168cm, 63kg,L,보통이에요,밝아요,선명해요,두꺼워요
1311,506,남성, 178cm, 64kg,48,보통이에요,보통이에요,보통이에요,보통이에요
1312,506,남성, 185cm, 147kg,50,보통이에요,보통이에요,보통이에요,보통이에요
1313,506,남성, 183cm, 70kg,50,보통이에요,보통이에요,보통이에요,보통이에요
1314,506,남성, 178cm, 66kg,50,보통이에요,보통이에요,보통이에요,보통이에요
1315,506,남성, 171cm, 72kg,50,보통이에요,보통이에요,보통이에요,얇아요
1316,506,남성, 172cm, 66kg,48,보통이에요,보통이에요,보통이에요,보통이에요
1317,506,남성, 188cm, 68kg,50,보통이에요,보통이에요,보통이에요,보통이에요
1318,506,여성, 173cm, 56kg,48,보통이에요,보통이에요,보통이에요,얇아요
1319,506,남성, 184cm, 88kg,50,보통이에요,보통이에요,보통이에요,얇아요
1320,506,남성, 182cm, 75kg,50,보통이에요,보통이에요,보통이에요,보통이에요
1321,506,남성, 171cm, 73kg,50,보통이에요,보통이에요,선명해요,얇아요
1322,506,남성, 180cm, 80kg,48,보통이에요,보통이에요,보통이에요,보통이에요
1323,506,남성, 182cm, 75kg,50,보통이에요,보통이에요,보통이에요,보통이에요
1324,506,남성, 175cm, 70kg,48,보통이에요,어두워요,보통이에요,얇아요
1325,506,남성, 172cm, 63kg,48,보통이에요,보통이에요,보통이에요,보통이에요
1326,506,남성, 181cm, 80kg,50,보통이에요,보통이에요,보통이에요,보통이에요
1327,506,남성, 172cm, 70kg,48,보통이에요,어두워요,보통이에요,보통이에요
1328,506,남성, 171cm, 65kg,48,보통이에요,보통이에요,보통이에요,보통이에요
1329,506,남성, 175cm, 65kg,48,보통이에요,어두워요,보통이에요,보통이에요
1330,506,남성, 173cm, 64kg,48,보통이에요,보통이에요,보통이에요,보통이에요
1331,506,남성, 174cm, 77kg,50,보통이에요,보통이에요,보통이에요,보통이에요
1332,506,남성, 170cm, 53kg,48,보통이에요,보통이에요,보통이에요,보통이에요
1333,506,남성, 180cm, 69kg,50,커요,보통이에요,보통이에요,얇아요
1334,506,남성, 179cm, 68kg,48,보통이에요,보통이에요,보통이에요,보통이에요
1335,506,남성, 185cm, 65kg,50,보통이에요,보통이에요,보통이에요,보통이에요
1336,506,남성, 175cm, 65kg,48,보통이에요,보통이에요,보통이에요,보통이에요
1337,506,남성, 184cm, 70kg,50,보통이에요,보통이에요,보통이에요,보통이에요
1338,506,남성, 173cm, 72kg,50,보통이에요,보통이에요,보통이에요,보통이에요
1339,506,남성, 190cm, 72kg,50,보통이에요,보통이에요,보통이에요,보통이에요
1340,506,남성, 177cm, 70kg,50,보통이에요,보통이에요,보통이에요,보통이에요
1341,506,남성, 172cm, 72kg,50,보통이에요,보통이에요,보통이에요,보통이에요
1342,506,남성, 172cm, 72kg,50,보통이에요,보통이에요,보통이에요,보통이에요
1343,506,남성, 177cm, 70kg,50,보통이에요,보통이에요,보통이에요,보통이에요
1344,506,남성, 177cm, 65kg,50,보통이에요,어두워요,선명해요,보통이에요
1345,506,남성, 182cm, 73kg,50,보통이에요,보통이에요,보통이에요,보통이에요
1346,506,남성, 175cm, 65kg,48,보통이에요,보통이에요,보통이에요,보통이에요
1347,506,남성, 179cm, 77kg,50,보통이에요,보통이에요,보통이에요,보통이에요
1348,506,남성, 175cm, 73kg,50,보통이에요,보통이에요,보통이에요,보통이에요
1349,506,남성, 184cm, 80kg,48,보통이에요,보통이에요,보통이에요,보통이에요
1350,506,남성, 182cm, 80kg,50,보통이에요,보통이에요,보통이에요,보통이에요
1351,506,남성, 173cm, 63kg,48,보통이에요,보통이에요,보통이에요,보통이에요
1352,506,남성, 183cm, 62kg,50,보통이에요,보통이에요,보통이에요,보통이에요
1353,506,남성, 177cm, 80kg,50,보통이에요,보통이에요,보통이에요,보통이에요
1354,506,남성, 179cm, 68kg,48,보통이에요,보통이에요,보통이에요,보통이에요
1355,506,남성, 174cm, 68kg,48 (2월16일 발송),보통이에요,보통이에요,선명해요,보통이에요
1356,506,남성, 168cm, 68kg,48,보통이에요,보통이에요,보통이에요,보통이에요
1357,506,남성, 179cm, 77kg,50,보통이에요,보통이에요,보통이에요,보통이에요
1358,506,남성, 163cm, 63kg,48,보통이에요,보통이에요,보통이에요,얇아요
1359,506,남성, 177cm, 70kg,48,보통이에요,보통이에요,보통이에요,보통이에요
1360,506,남성, 180cm, 70kg,50,커요,보통이에요,선명해요,보통이에요
1361,506,남성, 180cm, 70kg,50,커요,어두워요,보통이에요,보통이에요
1362,506,남성, 183cm, 82kg,50,보통이에요,어두워요,선명해요,얇아요
1363,506,남성, 170cm, 70kg,48,보통이에요,보통이에요,보통이에요,보통이에요
1364,506,남성, 177cm, 57kg,48,보통이에요,보통이에요,보통이에요,보통이에요
1365,506,남성, 174cm, 72kg,50,보통이에요,보통이에요,보통이에요,얇아요
1366,506,남성, 173cm, 68kg,48,보통이에요,보통이에요,보통이에요,보통이에요
1367,506,남성, 165cm, 58kg,48,보통이에요,보통이에요,보통이에요,보통이에요
1368,506,남성, 177cm, 68kg,50,보통이에요,보통이에요,보통이에요,보통이에요
1369,506,남성, 180cm, 60kg,48,보통이에요,보통이에요,보통이에요,보통이에요
1370,506,남성, 176cm, 73kg,50,커요,어두워요,보통이에요,보통이에요
1371,506,남성, 176cm, 73kg,48,보통이에요,어두워요,선명해요,보통이에요
1372,506,남성, 171cm, 58kg,48,보통이에요,보통이에요,보통이에요,보통이에요
1373,506,남성, 185cm, 86kg,50,보통이에요,보통이에요,선명해요,얇아요
1374,506,남성, 171cm, 62kg,48,보통이에요,보통이에요,보통이에요,보통이에요
1375,506,남성, 178cm, 70kg,48,보통이에요,보통이에요,보통이에요,보통이에요
1376,506,남성, 177cm, 77kg,50,보통이에요,보통이에요,보통이에요,보통이에요
1377,506,남성, 175cm, 90kg,50,보통이에요,보통이에요,보통이에요,보통이에요
1378,506,남성, 174cm, 75kg,48,보통이에요,보통이에요,보통이에요,보통이에요
1379,506,남성, 178cm, 80kg,50,보통이에요,보통이에요,보통이에요,얇아요
1380,506,남성, 174cm, 70kg,48,보통이에요,보통이에요,보통이에요,보통이에요
1381,506,남성, 178cm, 83kg,50,보통이에요,보통이에요,보통이에요,얇아요
1382,506,남성, 174cm, 68kg,48,커요,밝아요,선명해요,두꺼워요
1383,506,남성, 185cm, 78kg,50,보통이에요,보통이에요,보통이에요,보통이에요
1384,506,남성, 181cm, 82kg,50,보통이에요,보통이에요,보통이에요,보통이에요
1385,506,남성, 165cm, 65kg,48,보통이에요,어두워요,선명해요,보통이에요
1386,506,남성, 170cm, 60kg,48,보통이에요,보통이에요,보통이에요,보통이에요
1387,506,남성, 177cm, 88kg,50,보통이에요,보통이에요,선명해요,보통이에요
1388,506,남성, 172cm, 68kg,48,보통이에요,보통이에요,보통이에요,얇아요
1389,506,남성, 180cm, 70kg,50,보통이에요,밝아요,선명해요,얇아요
1390,506,남성, 168cm, 58kg,48,보통이에요,보통이에요,보통이에요,보통이에요
1391,506,남성, 176cm, 72kg,48,보통이에요,보통이에요,보통이에요,보통이에요
1392,506,남성, 187cm, 80kg,50,보통이에요,보통이에요,보통이에요,보통이에요
1393,506,남성, 173cm, 63kg,50,보통이에요,어두워요,선명해요,얇아요
1394,506,남성, 173cm, 53kg,48,보통이에요,보통이에요,보통이에요,보통이에요
1395,506,남성, 175cm, 78kg,50,보통이에요,보통이에요,보통이에요,보통이에요
1396,506,남성, 172cm, 63kg,48,보통이에요,보통이에요,보통이에요,보통이에요
1397,506,여성, 163cm, 55kg,48,커요,보통이에요,보통이에요,보통이에요
1398,506,남성, 174cm, 58kg,48,보통이에요,보통이에요,보통이에요,보통이에요
1399,506,남성, 174cm, 68kg,48,보통이에요,보통이에요,보통이에요,보통이에요
1400,506,남성, 171cm, 70kg,48,보통이에요,보통이에요,보통이에요,보통이에요
1401,506,남성, 182cm, 73kg,50,보통이에요,보통이에요,보통이에요,얇아요
1402,508,남성, 175cm, 67kg,M,보통이에요,보통이에요,보통이에요,보통이에요
1403,508,남성, 168cm, 62kg,M,보통이에요,보통이에요,보통이에요,얇아요
1404,508,남성, 181cm, 64kg,XL,보통이에요,보통이에요,보통이에요,얇아요
1405,508,남성, 171cm, 71kg,L,보통이에요,보통이에요,보통이에요,보통이에요
1406,508,남성, 182cm, 80kg,XL,보통이에요,보통이에요,보통이에요,보통이에요
1407,508,남성, 183cm, 80kg,XL,보통이에요,보통이에요,보통이에요,보통이에요
1408,508,남성, 175cm, 67kg,L,커요,보통이에요,보통이에요,보통이에요
1409,508,남성, 179cm, 70kg,L,보통이에요,보통이에요,보통이에요,보통이에요
1410,508,남성, 177cm, 71kg,L,보통이에요,보통이에요,보통이에요,보통이에요
1411,508,남성, 176cm, 80kg,XL,보통이에요,보통이에요,보통이에요,보통이에요
1412,508,남성, 177cm, 82kg,XL,보통이에요,보통이에요,보통이에요,보통이에요
1413,508,남성, 178cm, 74kg,XL,보통이에요,보통이에요,보통이에요,보통이에요
1414,508,남성, 176cm, 66kg,M,보통이에요,보통이에요,보통이에요,보통이에요
1415,508,남성, 168cm, 58kg,M,보통이에요,보통이에요,보통이에요,보통이에요
1416,508,남성, 177cm, 80kg,L,보통이에요,보통이에요,보통이에요,얇아요
1417,508,남성, 179cm, 68kg,L,보통이에요,보통이에요,보통이에요,보통이에요
1418,508,남성, 177cm, 77kg,XL,보통이에요,보통이에요,보통이에요,보통이에요
1419,508,남성, 179cm, 70kg,L,보통이에요,보통이에요,보통이에요,보통이에요
1420,508,여성, 162cm, 56kg,M,보통이에요,보통이에요,보통이에요,보통이에요
1421,508,남성, 170cm, 56kg,M,보통이에요,밝아요,선명해요,보통이에요
1422,508,남성, 187cm, 81kg,L,보통이에요,밝아요,보통이에요,보통이에요
1423,508,남성, 184cm, 76kg,XL,보통이에요,보통이에요,보통이에요,보통이에요
1424,509,남성, 171cm, 69kg,M,보통이에요,보통이에요,보통이에요,보통이에요
1425,509,남성, 171cm, 72kg,S,보통이에요,어두워요,선명해요,보통이에요
1426,514,남성, 173cm, 60kg,XL(110),커요,보통이에요,보통이에요,보통이에요
1427,514,남성, 175cm, 92kg,2XL(115),보통이에요,보통이에요,보통이에요,얇아요
1428,515,남성, 182cm, 78kg,L(논기모),보통이에요,보통이에요,보통이에요,보통이에요
1429,515,남성, 177cm, 65kg,L(논기모),보통이에요,보통이에요,보통이에요,보통이에요
1430,515,남성, 171cm, 58kg,M(논기모),보통이에요,보통이에요,보통이에요,두꺼워요
1431,515,남성, 178cm, 65kg,S(논기모),보통이에요,보통이에요,선명해요,보통이에요
1432,515,남성, 180cm, 70kg,L(기모),보통이에요,보통이에요,보통이에요,보통이에요
1433,515,여성, 158cm, 50kg,S(기모),보통이에요,보통이에요,보통이에요,보통이에요
1434,515,남성, 176cm, 90kg,L(기모),보통이에요,보통이에요,보통이에요,두꺼워요
1435,515,남성, 171cm, 73kg,M(기모),보통이에요,보통이에요,보통이에요,보통이에요
1436,515,남성, 178cm, 75kg,M(기모),커요,보통이에요,보통이에요,보통이에요
1437,515,남성, 179cm, 67kg,XL(논기모),보통이에요,보통이에요,보통이에요,보통이에요
1438,515,남성, 176cm, 85kg,L(기모),커요,보통이에요,보통이에요,두꺼워요
1439,515,남성, 176cm, 85kg,L(기모),커요,보통이에요,보통이에요,두꺼워요
1440,515,남성, 178cm, 60kg,M(기모),보통이에요,보통이에요,보통이에요,보통이에요
1441,515,남성, 170cm, 63kg,L(기모),커요,어두워요,선명해요,두꺼워요
1442,515,여성, 165cm, 50kg,XL(기모),커요,밝아요,보통이에요,보통이에요
1443,515,남성, 180cm, 67kg,L(기모),보통이에요,보통이에요,보통이에요,보통이에요
1444,515,남성, 175cm, 72kg,L(기모),커요,밝아요,선명해요,두꺼워요
1445,515,남성, 175cm, 80kg,L(기모),커요,보통이에요,보통이에요,보통이에요
1446,515,여성, 172cm, 62kg,M(논기모),커요,보통이에요,보통이에요,보통이에요
1447,515,남성, 182cm, 75kg,L(기모),커요,밝아요,선명해요,두꺼워요
1448,515,남성, 168cm, 61kg,S(기모),보통이에요,보통이에요,보통이에요,보통이에요
1449,515,여성, 163cm, 45kg,S(기모),보통이에요,보통이에요,보통이에요,보통이에요
1450,515,남성, 182cm, 74kg,L(논기모),커요,보통이에요,보통이에요,보통이에요
1451,515,남성, 178cm, 65kg,L(논기모),보통이에요,보통이에요,보통이에요,얇아요
1452,515,남성, 180cm, 74kg,L(기모),보통이에요,보통이에요,보통이에요,보통이에요
1453,515,남성, 172cm, 72kg,L(논기모),보통이에요,보통이에요,보통이에요,보통이에요
1454,515,남성, 170cm, 65kg,M(기모),보통이에요,밝아요,선명해요,보통이에요
1455,515,남성, 175cm, 70kg,L(기모),커요,보통이에요,보통이에요,두꺼워요
1456,515,남성, 180cm, 95kg,XL(기모),보통이에요,보통이에요,보통이에요,두꺼워요
1457,515,여성, 170cm, 60kg,M,보통이에요,보통이에요,보통이에요,보통이에요
1458,515,남성, 171cm, 67kg,M,보통이에요,밝아요,선명해요,보통이에요
1459,515,남성, 172cm, 67kg,M,커요,밝아요,선명해요,두꺼워요
1460,515,남성, 171cm, 63kg,M,커요,밝아요,선명해요,보통이에요
1461,515,남성, 176cm, 76kg,L,커요,보통이에요,보통이에요,보통이에요
1462,515,남성, 188cm, 77kg,L,보통이에요,보통이에요,보통이에요,보통이에요
1463,515,남성, 179cm, 85kg,XL,보통이에요,어두워요,선명해요,보통이에요
1464,515,남성, 183cm, 71kg,XL,보통이에요,보통이에요,보통이에요,보통이에요
1465,516,남성, 168cm, 58kg,블랙/M,보통이에요,보통이에요,보통이에요,보통이에요
1466,516,남성, 183cm, 77kg,블랙/XL,보통이에요,보통이에요,보통이에요,보통이에요
1467,534,남성, 177cm, 84kg,L,보통이에요,어두워요,보통이에요,두꺼워요
1468,535,남성, 188cm, 84kg,XL,커요,보통이에요,보통이에요,보통이에요
1469,536,여성, 173cm, 81kg,S,커요,보통이에요,선명해요,보통이에요
1470,536,남성, 177cm, 88kg,L,보통이에요,보통이에요,선명해요,보통이에요
1471,548,남성, 181cm, 63kg,M,보통이에요,보통이에요,보통이에요,적당해요
1472,548,남성, 178cm, 73kg,XL,보통이에요,보통이에요,보통이에요,적당해요
1473,548,여성, 165cm, 52kg,M,보통이에요,보통이에요,보통이에요,가벼워요
1474,548,남성, 172cm, 80kg,XL,보통이에요,보통이에요,선명해요,가벼워요
1475,548,남성, 180cm, 66kg,L,보통이에요,보통이에요,보통이에요,가벼워요
1476,548,남성, 187cm, 63kg,L,보통이에요,보통이에요,선명해요,가벼워요
1477,548,남성, 174cm, 64kg,L,보통이에요,보통이에요,보통이에요,적당해요
1478,548,남성, 181cm, 74kg,L,보통이에요,보통이에요,보통이에요,적당해요
1479,548,여성, 162cm, 60kg,M,보통이에요,보통이에요,보통이에요,적당해요
1480,548,남성, 177cm, 67kg,L,보통이에요,보통이에요,보통이에요,가벼워요
1481,548,남성, 173cm, 69kg,L,보통이에요,보통이에요,선명해요,가벼워요
1482,548,남성, 170cm, 65kg,L,보통이에요,보통이에요,보통이에요,적당해요
1483,548,남성, 172cm, 85kg,XL,보통이에요,어두워요,보통이에요,가벼워요
1484,548,남성, 170cm, 68kg,L,보통이에요,보통이에요,선명해요,가벼워요
1485,548,남성, 180cm, 82kg,XL,보통이에요,밝아요,보통이에요,가벼워요
1486,548,여성, 170cm, 70kg,L,보통이에요,어두워요,보통이에요,가벼워요
1487,548,남성, 183cm, 78kg,XL,보통이에요,보통이에요,선명해요,적당해요
1488,548,남성, 176cm, 71kg,L,보통이에요,보통이에요,보통이에요,가벼워요
1489,548,남성, 172cm, 55kg,M,보통이에요,어두워요,보통이에요,가벼워요
1490,548,남성, 175cm, 78kg,XL,보통이에요,보통이에요,선명해요,가벼워요
1491,548,남성, 178cm, 80kg,XL,보통이에요,보통이에요,보통이에요,적당해요
1492,548,여성, 167cm, 62kg,M,보통이에요,보통이에요,보통이에요,적당해요
1493,548,남성, 179cm, 80kg,XL,보통이에요,밝아요,보통이에요,적당해요
1494,548,남성, 165cm, 64kg,M,보통이에요,보통이에요,보통이에요,적당해요
1495,548,남성, 165cm, 64kg,M,보통이에요,보통이에요,보통이에요,가벼워요
1496,548,남성, 170cm, 56kg,M,보통이에요,보통이에요,보통이에요,적당해요
1497,548,남성, 180cm, 88kg,2XL,보통이에요,보통이에요,보통이에요,적당해요
1498,548,남성, 173cm, 68kg,L,보통이에요,보통이에요,보통이에요,가벼워요
1499,548,남성, 177cm, 70kg,L,보통이에요,보통이에요,보통이에요,적당해요
1500,548,여성, 158cm, 50kg,M,커요,밝아요,선명해요,가벼워요
1501,548,남성, 173cm, 59kg,L,보통이에요,보통이에요,보통이에요,가벼워요
1502,548,남성, 169cm, 66kg,L,커요,밝아요,선명해요,적당해요
1503,548,남성, 174cm, 75kg,L,보통이에요,보통이에요,보통이에요,가벼워요
1504,548,남성, 183cm, 82kg,2XL,보통이에요,보통이에요,보통이에요,적당해요
1505,548,남성, 183cm, 90kg,2XL,보통이에요,보통이에요,보통이에요,적당해요
1506,548,남성, 173cm, 84kg,XL,보통이에요,보통이에요,보통이에요,적당해요
1507,548,남성, 170cm, 65kg,L,보통이에요,보통이에요,보통이에요,적당해요
1508,548,남성, 177cm, 77kg,XL,보통이에요,밝아요,선명해요,가벼워요
1509,548,남성, 174cm, 58kg,M,보통이에요,보통이에요,보통이에요,적당해요
1510,548,남성, 175cm, 63kg,L,보통이에요,보통이에요,보통이에요,적당해요
1511,548,남성, 178cm, 85kg,2XL,커요,보통이에요,보통이에요,가벼워요
1512,548,남성, 177cm, 78kg,L,보통이에요,보통이에요,선명해요,가벼워요
1513,548,남성, 177cm, 65kg,L,보통이에요,보통이에요,보통이에요,적당해요
1514,548,남성, 184cm, 67kg,2XL,보통이에요,보통이에요,보통이에요,적당해요
1515,548,남성, 165cm, 60kg,M,보통이에요,어두워요,보통이에요,가벼워요
1516,548,남성, 173cm, 84kg,XL,보통이에요,보통이에요,보통이에요,적당해요
1517,548,남성, 163cm, 69kg,M,작아요,보통이에요,보통이에요,가벼워요
1518,548,남성, 174cm, 70kg,L,보통이에요,보통이에요,보통이에요,적당해요
1519,548,남성, 184cm, 78kg,XL,보통이에요,어두워요,선명해요,가벼워요
1520,548,남성, 183cm, 69kg,L,보통이에요,보통이에요,보통이에요,가벼워요
1521,548,남성, 180cm, 84kg,L,보통이에요,보통이에요,선명해요,가벼워요
1522,548,남성, 186cm, 75kg,2XL,보통이에요,보통이에요,보통이에요,적당해요
1523,548,남성, 177cm, 90kg,2XL,보통이에요,보통이에요,보통이에요,적당해요
1524,548,남성, 174cm, 79kg,L,보통이에요,보통이에요,보통이에요,적당해요
1525,548,남성, 172cm, 90kg,XL,보통이에요,밝아요,보통이에요,적당해요
1526,548,남성, 179cm, 77kg,L,보통이에요,보통이에요,보통이에요,적당해요
1527,548,남성, 168cm, 62kg,M,보통이에요,보통이에요,보통이에요,적당해요
1528,548,남성, 177cm, 78kg,XL,보통이에요,보통이에요,보통이에요,적당해요
1529,548,남성, 174cm, 88kg,XL,보통이에요,보통이에요,보통이에요,가벼워요
1530,548,남성, 174cm, 74kg,L,보통이에요,보통이에요,보통이에요,적당해요
1531,548,남성, 187cm, 75kg,XL,보통이에요,보통이에요,보통이에요,적당해요
1532,548,남성, 170cm, 70kg,XL,보통이에요,보통이에요,보통이에요,가벼워요
1533,548,남성, 177cm, 70kg,XL,보통이에요,보통이에요,보통이에요,적당해요
1534,548,남성, 180cm, 78kg,XL,보통이에요,보통이에요,보통이에요,적당해요
1535,548,남성, 171cm, 68kg,M,보통이에요,보통이에요,보통이에요,적당해요
1536,548,남성, 180cm, 88kg,L,보통이에요,어두워요,선명해요,가벼워요
1537,548,남성, 177cm, 79kg,L,보통이에요,밝아요,보통이에요,가벼워요
1538,548,남성, 178cm, 75kg,L,보통이에요,보통이에요,보통이에요,적당해요
1539,548,남성, 168cm, 67kg,M,보통이에요,보통이에요,선명해요,적당해요
1540,548,남성, 174cm, 72kg,XL,보통이에요,보통이에요,보통이에요,적당해요
1541,548,남성, 174cm, 64kg,L,보통이에요,보통이에요,보통이에요,적당해요
1542,548,남성, 187cm, 110kg,2XL,보통이에요,보통이에요,보통이에요,적당해요
1543,548,남성, 168cm, 63kg,L,보통이에요,보통이에요,보통이에요,적당해요
1544,548,남성, 175cm, 66kg,L,보통이에요,보통이에요,보통이에요,적당해요
1545,548,남성, 168cm, 66kg,L,보통이에요,보통이에요,보통이에요,적당해요
1546,548,여성, 158cm, 55kg,L,보통이에요,보통이에요,보통이에요,적당해요
1547,548,남성, 183cm, 105kg,2XL,보통이에요,밝아요,선명해요,적당해요
1548,548,남성, 174cm, 61kg,L,보통이에요,보통이에요,보통이에요,적당해요
1549,548,남성, 180cm, 93kg,2XL,보통이에요,보통이에요,보통이에요,적당해요
1550,548,남성, 172cm, 72kg,L,보통이에요,어두워요,선명해요,가벼워요
1551,548,남성, 174cm, 74kg,L,보통이에요,어두워요,선명해요,가벼워요
1552,548,남성, 181cm, 75kg,XL,보통이에요,보통이에요,선명해요,가벼워요
1553,548,남성, 181cm, 76kg,L,보통이에요,보통이에요,보통이에요,적당해요
1554,548,남성, 174cm, 83kg,L,보통이에요,보통이에요,보통이에요,적당해요
1555,548,남성, 174cm, 86kg,2XL,보통이에요,보통이에요,보통이에요,적당해요
1556,550,남성, 170cm, 60kg,2XL,보통이에요,보통이에요,보통이에요,보통이에요
1557,550,남성, 187cm, 85kg,2XL,보통이에요,보통이에요,선명해요,두꺼워요
1558,550,남성, 173cm, 75kg,2XL,커요,보통이에요,선명해요,보통이에요
1559,550,남성, 174cm, 71kg,XL,커요,보통이에요,보통이에요,보통이에요
1560,550,남성, 170cm, 65kg,M,보통이에요,보통이에요,보통이에요,보통이에요
1561,550,남성, 173cm, 65kg,L,보통이에요,보통이에요,보통이에요,보통이에요
1562,550,남성, 181cm, 71kg,XL,보통이에요,보통이에요,보통이에요,보통이에요
1563,550,남성, 172cm, 70kg,L,보통이에요,보통이에요,선명해요,보통이에요
1564,550,남성, 173cm, 61kg,L,보통이에요,보통이에요,보통이에요,보통이에요
1565,550,남성, 173cm, 70kg,XL,커요,어두워요,보통이에요,두꺼워요
1566,550,남성, 171cm, 73kg,L,보통이에요,보통이에요,보통이에요,보통이에요
1567,550,남성, 170cm, 56kg,S,보통이에요,보통이에요,보통이에요,보통이에요
1568,550,남성, 175cm, 69kg,L,보통이에요,밝아요,선명해요,보통이에요
1569,550,남성, 164cm, 56kg,M,보통이에요,보통이에요,보통이에요,보통이에요
1570,550,남성, 173cm, 66kg,L,보통이에요,어두워요,흐려요,보통이에요
1571,550,남성, 170cm, 63kg,M,보통이에요,보통이에요,보통이에요,보통이에요
1572,550,남성, 180cm, 85kg,3XL,보통이에요,보통이에요,보통이에요,보통이에요
1573,550,남성, 175cm, 75kg,2XL,보통이에요,보통이에요,보통이에요,보통이에요
1574,550,여성, 152cm, 41kg,S,보통이에요,보통이에요,보통이에요,보통이에요
1575,550,남성, 176cm, 80kg,3XL,보통이에요,보통이에요,보통이에요,보통이에요
1576,550,남성, 169cm, 59kg,M,보통이에요,어두워요,선명해요,보통이에요
1577,550,남성, 169cm, 59kg,M,보통이에요,보통이에요,보통이에요,보통이에요
1578,550,남성, 169cm, 59kg,M,보통이에요,보통이에요,흐려요,보통이에요
1579,550,남성, 172cm, 65kg,M,보통이에요,보통이에요,보통이에요,보통이에요
1580,550,남성, 169cm, 64kg,M,보통이에요,보통이에요,보통이에요,보통이에요
1581,550,남성, 168cm, 64kg,L,커요,밝아요,선명해요,보통이에요
1582,550,남성, 184cm, 76kg,L,보통이에요,보통이에요,보통이에요,보통이에요
1583,550,남성, 183cm, 88kg,XL,보통이에요,보통이에요,보통이에요,보통이에요
1584,550,남성, 183cm, 88kg,XL,보통이에요,보통이에요,보통이에요,보통이에요
1585,550,남성, 171cm, 63kg,L,커요,보통이에요,보통이에요,보통이에요
1586,550,남성, 183cm, 74kg,XL,보통이에요,보통이에요,보통이에요,보통이에요
1587,550,남성, 167cm, 51kg,S,보통이에요,밝아요,선명해요,보통이에요
1588,550,남성, 169cm, 50kg,S,작아요,보통이에요,보통이에요,보통이에요
1589,550,남성, 186cm, 78kg,3XL,보통이에요,보통이에요,보통이에요,보통이에요
1590,550,남성, 164cm, 60kg,S,보통이에요,보통이에요,보통이에요,보통이에요
1591,550,남성, 176cm, 55kg,M,보통이에요,보통이에요,보통이에요,보통이에요
1592,550,남성, 171cm, 64kg,M,보통이에요,보통이에요,보통이에요,보통이에요
1593,550,남성, 185cm, 78kg,XL,보통이에요,밝아요,선명해요,보통이에요
1594,550,남성, 186cm, 83kg,2XL,보통이에요,보통이에요,보통이에요,보통이에요
1595,550,남성, 184cm, 90kg,3XL,보통이에요,보통이에요,보통이에요,보통이에요
1596,550,남성, 184cm, 90kg,3XL,보통이에요,보통이에요,보통이에요,보통이에요
1597,550,남성, 174cm, 76kg,L,보통이에요,보통이에요,보통이에요,얇아요
1598,550,남성, 178cm, 65kg,L,보통이에요,보통이에요,보통이에요,보통이에요
1599,550,남성, 180cm, 80kg,XL,보통이에요,보통이에요,보통이에요,보통이에요
1600,550,남성, 167cm, 71kg,M,보통이에요,보통이에요,보통이에요,보통이에요
1601,550,남성, 167cm, 71kg,M,보통이에요,보통이에요,보통이에요,보통이에요
1602,550,남성, 167cm, 64kg,S,보통이에요,보통이에요,선명해요,보통이에요
1603,550,남성, 171cm, 60kg,M,보통이에요,보통이에요,선명해요,보통이에요
1604,550,남성, 178cm, 78kg,L,보통이에요,보통이에요,선명해요,보통이에요
1605,550,남성, 171cm, 85kg,2XL,보통이에요,보통이에요,보통이에요,보통이에요
1606,550,남성, 171cm, 85kg,3XL,보통이에요,보통이에요,보통이에요,보통이에요
1607,550,남성, 168cm, 60kg,M,보통이에요,보통이에요,보통이에요,보통이에요
1608,550,남성, 178cm, 78kg,XL,보통이에요,보통이에요,보통이에요,보통이에요
1609,550,남성, 178cm, 78kg,XL,보통이에요,보통이에요,보통이에요,보통이에요
1610,550,남성, 174cm, 86kg,XL,보통이에요,어두워요,보통이에요,보통이에요
1611,550,남성, 167cm, 70kg,L,보통이에요,보통이에요,선명해요,두꺼워요
1612,550,남성, 174cm, 75kg,L,보통이에요,보통이에요,보통이에요,보통이에요
1613,550,남성, 177cm, 85kg,XL,보통이에요,어두워요,선명해요,보통이에요
1614,550,남성, 178cm, 77kg,XL,보통이에요,보통이에요,보통이에요,보통이에요
1615,550,남성, 187cm, 87kg,M,커요,보통이에요,보통이에요,보통이에요
1616,550,남성, 172cm, 52kg,S,보통이에요,어두워요,선명해요,보통이에요
1617,550,남성, 172cm, 52kg,S,보통이에요,어두워요,선명해요,보통이에요
1618,550,여성, 168cm, 60kg,M,보통이에요,보통이에요,보통이에요,보통이에요
1619,550,남성, 178cm, 83kg,2XL,보통이에요,보통이에요,보통이에요,보통이에요
1620,550,남성, 171cm, 62kg,S,보통이에요,보통이에요,보통이에요,보통이에요
1621,550,남성, 174cm, 68kg,M,보통이에요,밝아요,선명해요,두꺼워요
1622,550,남성, 173cm, 56kg,M,보통이에요,보통이에요,보통이에요,보통이에요
1623,550,여성, 156cm, 45kg,S,보통이에요,보통이에요,보통이에요,보통이에요
1624,550,남성, 172cm, 80kg,XL,보통이에요,보통이에요,보통이에요,얇아요
1625,550,남성, 177cm, 72kg,XL,보통이에요,보통이에요,보통이에요,보통이에요
1626,550,남성, 177cm, 76kg,L,보통이에요,보통이에요,선명해요,두꺼워요
1627,550,남성, 179cm, 89kg,XL,보통이에요,어두워요,선명해요,보통이에요
1628,550,남성, 181cm, 75kg,XL,보통이에요,보통이에요,선명해요,보통이에요
1629,550,남성, 167cm, 70kg,M,보통이에요,보통이에요,보통이에요,보통이에요
1630,550,남성, 176cm, 80kg,XL,보통이에요,보통이에요,보통이에요,보통이에요
1631,550,남성, 186cm, 72kg,XL,보통이에요,보통이에요,보통이에요,보통이에요
1632,550,남성, 181cm, 87kg,XL,보통이에요,보통이에요,보통이에요,보통이에요
1633,550,남성, 168cm, 60kg,S,커요,어두워요,보통이에요,얇아요
1634,550,남성, 175cm, 70kg,L,보통이에요,보통이에요,보통이에요,보통이에요
1635,550,남성, 168cm, 74kg,L,보통이에요,보통이에요,보통이에요,보통이에요
1636,551,여성, 162cm, 54kg,Gray/M,보통이에요,보통이에요,보통이에요,보통이에요
1637,551,남성, 178cm, 68kg,Gray/L,보통이에요,보통이에요,보통이에요,보통이에요
1638,556,남성, 173cm, 66kg,L,보통이에요,보통이에요,보통이에요,보통이에요
1639,556,남성, 172cm, 64kg,M,보통이에요,보통이에요,보통이에요,보통이에요
1640,556,남성, 185cm, 82kg,XL,보통이에요,보통이에요,보통이에요,보통이에요
1641,556,남성, 181cm, 78kg,XL,보통이에요,보통이에요,보통이에요,보통이에요
1642,556,남성, 176cm, 75kg,XL,작아요,보통이에요,보통이에요,보통이에요
1643,556,남성, 180cm, 70kg,XL,보통이에요,보통이에요,보통이에요,보통이에요
1644,556,남성, 178cm, 85kg,XL,작아요,보통이에요,보통이에요,얇아요
1645,556,남성, 185cm, 70kg,XL,보통이에요,어두워요,선명해요,보통이에요
1646,556,남성, 178cm, 74kg,XL,보통이에요,밝아요,보통이에요,보통이에요
1647,556,남성, 177cm, 74kg,XL,보통이에요,보통이에요,보통이에요,보통이에요
1648,556,남성, 181cm, 75kg,XL,보통이에요,보통이에요,보통이에요,보통이에요
1649,556,남성, 173cm, 69kg,M,보통이에요,보통이에요,보통이에요,보통이에요
1650,556,남성, 178cm, 76kg,XL,보통이에요,보통이에요,보통이에요,보통이에요
1651,556,남성, 178cm, 72kg,L,작아요,보통이에요,보통이에요,보통이에요
1652,556,남성, 168cm, 70kg,L,보통이에요,보통이에요,선명해요,보통이에요
1653,556,남성, 174cm, 76kg,XL,보통이에요,보통이에요,선명해요,보통이에요
1654,556,남성, 176cm, 66kg,M,작아요,보통이에요,보통이에요,보통이에요
1655,556,남성, 179cm, 71kg,L,보통이에요,보통이에요,보통이에요,보통이에요
1656,556,남성, 184cm, 75kg,XL,작아요,어두워요,선명해요,보통이에요
1657,556,남성, 168cm, 73kg,L,보통이에요,어두워요,보통이에요,보통이에요
1658,557,남성, 174cm, 66kg,L,보통이에요,보통이에요,보통이에요,보통이에요
1659,557,남성, 173cm, 69kg,L,보통이에요,보통이에요,보통이에요,얇아요
1660,557,남성, 185cm, 75kg,XL,커요,밝아요,보통이에요,보통이에요
1661,557,남성, 178cm, 78kg,XL,보통이에요,보통이에요,보통이에요,보통이에요
1662,557,남성, 180cm, 60kg,XL,보통이에요,보통이에요,보통이에요,보통이에요
1663,557,남성, 177cm, 70kg,L,보통이에요,밝아요,선명해요,보통이에요
1664,557,남성, 183cm, 82kg,XL,커요,밝아요,선명해요,얇아요
1665,557,남성, 183cm, 82kg,XL,커요,밝아요,선명해요,얇아요
1666,557,남성, 166cm, 60kg,M,보통이에요,보통이에요,보통이에요,보통이에요
1667,557,남성, 174cm, 64kg,L,보통이에요,보통이에요,보통이에요,보통이에요
1668,557,남성, 181cm, 83kg,XL,보통이에요,보통이에요,보통이에요,보통이에요
1669,557,남성, 181cm, 91kg,XL,보통이에요,보통이에요,보통이에요,얇아요
1670,557,남성, 181cm, 91kg,XL,보통이에요,밝아요,보통이에요,얇아요
1671,557,남성, 176cm, 82kg,XL,커요,밝아요,보통이에요,보통이에요
1672,557,남성, 179cm, 72kg,L,보통이에요,보통이에요,보통이에요,보통이에요
1673,557,남성, 171cm, 75kg,L,보통이에요,보통이에요,보통이에요,보통이에요
1674,557,남성, 173cm, 64kg,M,보통이에요,밝아요,선명해요,보통이에요
1675,557,남성, 174cm, 58kg,L,보통이에요,보통이에요,보통이에요,보통이에요
1676,557,남성, 176cm, 72kg,L,보통이에요,보통이에요,보통이에요,보통이에요
1677,557,남성, 171cm, 65kg,L,보통이에요,보통이에요,보통이에요,보통이에요
1678,557,남성, 176cm, 80kg,L,보통이에요,밝아요,선명해요,보통이에요
1679,557,남성, 167cm, 72kg,M,보통이에요,밝아요,보통이에요,얇아요
1680,557,남성, 174cm, 72kg,M,보통이에요,보통이에요,보통이에요,보통이에요
1681,557,남성, 181cm, 90kg,XL,보통이에요,보통이에요,보통이에요,보통이에요
1682,557,남성, 173cm, 75kg,L,보통이에요,보통이에요,보통이에요,보통이에요
1683,557,남성, 177cm, 71kg,L,보통이에요,밝아요,선명해요,보통이에요
1684,557,남성, 170cm, 80kg,L,보통이에요,보통이에요,선명해요,얇아요
1685,557,남성, 167cm, 67kg,M,보통이에요,밝아요,흐려요,얇아요
1686,557,남성, 168cm, 63kg,M,보통이에요,밝아요,선명해요,얇아요
1687,557,남성, 181cm, 80kg,XL,보통이에요,보통이에요,보통이에요,보통이에요
1688,557,남성, 171cm, 62kg,M,보통이에요,보통이에요,보통이에요,보통이에요
1689,557,남성, 176cm, 65kg,L,보통이에요,보통이에요,보통이에요,얇아요
1690,557,남성, 174cm, 77kg,XL,보통이에요,보통이에요,보통이에요,보통이에요
1691,557,남성, 163cm, 63kg,M,커요,밝아요,선명해요,얇아요
1692,557,남성, 176cm, 72kg,XL,커요,보통이에요,선명해요,얇아요
1693,557,남성, 174cm, 55kg,M,보통이에요,밝아요,보통이에요,얇아요
1694,557,남성, 177cm, 80kg,XL,작아요,보통이에요,흐려요,보통이에요
1695,557,남성, 172cm, 58kg,M,커요,밝아요,선명해요,얇아요
1696,557,남성, 168cm, 63kg,M,커요,보통이에요,보통이에요,얇아요
1697,557,남성, 180cm, 72kg,L,커요,보통이에요,보통이에요,보통이에요
1698,557,남성, 171cm, 68kg,M,보통이에요,보통이에요,보통이에요,보통이에요
1699,557,남성, 173cm, 70kg,L,보통이에요,보통이에요,보통이에요,보통이에요
1700,557,남성, 168cm, 61kg,M,보통이에요,보통이에요,선명해요,보통이에요
1701,557,남성, 175cm, 69kg,L,보통이에요,보통이에요,보통이에요,보통이에요
1702,557,남성, 180cm, 77kg,L,보통이에요,보통이에요,보통이에요,보통이에요
1703,557,남성, 170cm, 67kg,M,보통이에요,보통이에요,보통이에요,보통이에요
1704,557,남성, 177cm, 80kg,XL,작아요,보통이에요,흐려요,보통이에요
1705,557,남성, 172cm, 66kg,L,보통이에요,밝아요,보통이에요,얇아요
1706,557,남성, 177cm, 70kg,L,보통이에요,보통이에요,보통이에요,보통이에요
1707,557,남성, 170cm, 65kg,L,보통이에요,보통이에요,보통이에요,보통이에요
1708,557,남성, 170cm, 70kg,M,보통이에요,보통이에요,선명해요,보통이에요
1709,557,여성, 168cm, 65kg,M,보통이에요,보통이에요,보통이에요,보통이에요
1710,557,남성, 179cm, 74kg,XL,보통이에요,보통이에요,보통이에요,보통이에요
1711,557,남성, 178cm, 75kg,L,보통이에요,보통이에요,보통이에요,보통이에요
1712,557,여성, 163cm, 55kg,M,보통이에요,보통이에요,보통이에요,보통이에요
1713,557,남성, 170cm, 65kg,M,보통이에요,보통이에요,보통이에요,보통이에요
1714,557,남성, 177cm, 83kg,XL,보통이에요,밝아요,선명해요,보통이에요
1715,557,남성, 185cm, 85kg,XL,커요,보통이에요,보통이에요,얇아요
1716,557,남성, 170cm, 70kg,L,보통이에요,보통이에요,보통이에요,보통이에요
1717,557,남성, 171cm, 68kg,L,보통이에요,보통이에요,보통이에요,보통이에요
1718,557,남성, 178cm, 74kg,XL,커요,보통이에요,보통이에요,보통이에요
1719,557,남성, 168cm, 60kg,M,보통이에요,밝아요,보통이에요,보통이에요
1720,557,남성, 175cm, 68kg,M,보통이에요,보통이에요,보통이에요,보통이에요
1721,557,남성, 180cm, 80kg,XL,커요,보통이에요,보통이에요,보통이에요
1722,557,남성, 170cm, 67kg,M,보통이에요,보통이에요,보통이에요,얇아요
1723,557,남성, 177cm, 62kg,L,커요,밝아요,선명해요,얇아요
1724,557,남성, 175cm, 80kg,M,보통이에요,보통이에요,보통이에요,얇아요
1725,557,남성, 180cm, 75kg,XL,커요,밝아요,보통이에요,두꺼워요
1726,557,남성, 175cm, 70kg,L,보통이에요,보통이에요,보통이에요,보통이에요
1727,557,남성, 170cm, 69kg,M,보통이에요,보통이에요,보통이에요,얇아요
1728,557,남성, 169cm, 72kg,M,보통이에요,밝아요,선명해요,보통이에요
1729,557,남성, 180cm, 67kg,XL,보통이에요,보통이에요,보통이에요,보통이에요
1730,557,남성, 177cm, 75kg,XL,보통이에요,보통이에요,보통이에요,보통이에요
1731,557,남성, 170cm, 75kg,M,보통이에요,보통이에요,보통이에요,얇아요
1732,557,남성, 173cm, 76kg,M,보통이에요,보통이에요,보통이에요,보통이에요
1733,557,남성, 166cm, 63kg,M,보통이에요,보통이에요,보통이에요,보통이에요
1734,557,남성, 181cm, 74kg,L,보통이에요,밝아요,보통이에요,보통이에요
1735,557,남성, 177cm, 90kg,XL,보통이에요,보통이에요,보통이에요,보통이에요
1736,557,남성, 171cm, 70kg,L,보통이에요,보통이에요,보통이에요,보통이에요
1737,557,남성, 175cm, 76kg,L,보통이에요,보통이에요,보통이에요,보통이에요
1738,557,남성, 168cm, 65kg,L,커요,밝아요,선명해요,보통이에요
1739,557,남성, 171cm, 70kg,M,보통이에요,보통이에요,보통이에요,보통이에요
1740,557,남성, 180cm, 72kg,L,보통이에요,보통이에요,보통이에요,보통이에요
1741,560,여성, 170cm, 52kg,MEDIUM,보통이에요,보통이에요,보통이에요,보통이에요
1742,589,남성, 173cm, 62kg,S,보통이에요,보통이에요,보통이에요,보통이에요
1743,589,남성, 173cm, 75kg,S,보통이에요,보통이에요,보통이에요,보통이에요
1744,589,남성, 172cm, 64kg,M,커요,보통이에요,보통이에요,보통이에요
1745,589,남성, 175cm, 78kg,M,보통이에요,보통이에요,보통이에요,보통이에요
1746,589,남성, 181cm, 76kg,M,보통이에요,보통이에요,보통이에요,보통이에요
1747,594,여성, 165cm, 53kg,S,작아요,보통이에요,보통이에요,얇아요
1748,598,남성, 181cm, 80kg,S,보통이에요,보통이에요,보통이에요,보통이에요
1749,598,남성, 183cm, 84kg,XL,보통이에요,밝아요,선명해요,보통이에요
1750,598,남성, 163cm, 69kg,M,보통이에요,보통이에요,보통이에요,보통이에요
1751,598,남성, 165cm, 75kg,L,보통이에요,밝아요,선명해요,얇아요
1752,599,남성, 172cm, 68kg,M,보통이에요,보통이에요,선명해요,보통이에요
1753,599,남성, 175cm, 80kg,L,보통이에요,보통이에요,보통이에요,보통이에요
1754,599,남성, 176cm, 88kg,XL,보통이에요,보통이에요,선명해요,보통이에요
